Airlines Value,Airlines Name
21-air,21 Air
223-flying-squad,223 Flying Squad
24airways,24Airways
40-mile-air-q5,40 Mile Air
748-air-services-iho,748 Air Services
9-air-aq,9 Air
ab-aviation-y6,AB Aviation
ababeel-aviation-bbe,Ababeel Aviation
abaete-linhas-aereas-abj,Abaete Linhas Aereas
abc-express-atran-v8,ABC Express (ATRAN)
aberdair-aviation,Aberdair Aviation
aboitiz-one-inc-boi,Aboitiz One Inc
absa-cargo-m3,Absa Cargo
abu-dhabi-aviation-axu,Abu Dhabi Aviation
abx-air-gb,ABX Air
academy-airlines-acd,Academy Airlines
ace-air,Ace Air
active-aero-charter-inc-avr,Active Aero Charter Inc
ad-maiora-lineas-aereas,Ad Maiora Líneas Aéreas
ada---aerolinea-de-antioquia-anq,ADA - Aerolinea de Antioquia
adc-airways,ADC Airways
adelante,Adelante
adria-airways-jp,Adria Airways
adventure-air,Adventure Air
aegean-airlines-a3,Aegean Airlines
aeolus-air-aaz,Aeolus Air
aer-caribe,Aer Caribe
aer-caribe-peru-cpr,Aer Caribe Peru
aer-lingus-ei,Aer Lingus
aer-oasis,Aer Oasis
aereo-calafia-cfv,Aereo Calafia
aereo-ruta-maya-mmg,Aereo Ruta Maya
aereotuy-l4,Aereotuy
aero---mapiex-aero,AERO - Mapiex Aero
aero-nigeria-ng,Aero (Nigeria)
aero-africa-rfc,Aero Africa
aero-andino-sa,Aero Andino SA
aero-biniza,Aero Biniza
aero-caribe,Aero Caribe
aero-charter-dw,Aero Charter
aero-cuahonte-cuo,Aero Cuahonte
aero-davinci-internacional-dvi,Aero Davinci Internacional
aero-fly-monagas,Aero Fly Monagas
aero-jbr,Aero JBR
aero-majestic-charter-services,Aero Majestic Charter Services
aero-mongolia-m0,Aero Mongolia
aero-owen,Aero Owen
aero-rent-nro,Aero Rent
aero-service-asf,Aero Service ASF
aero-servicios-especializados-sa-de-cv-asesa,Aero Servicios Especializados SA de CV (ASESA)
aero-transporte-sa---atsa-peru,Aero Transporte SA - ATSA Peru
aero-tranzit,Aero Tranzit
aero-vip-wv,Aero VIP
aero-fret-business,Aero-Fret Business
aero4m-h4,Aero4M
aerobaru,AeroBaru
aerobell-air-charter,Aerobell Air Charter
aerobratsk-brp,AeroBratsk
aerocanarias,Aerocanarias
aerocardal-cda,Aerocardal
aerocaribbean-7l,Aerocaribbean
aerocaribe-de-honduras,Aerocaribe de Honduras
aerocondor-portugal-ard,Aerocondor (Portugal)
aerodiana,Aerodiana
aerodomca,AeroDomca
aerodynamics,Aerodynamics
aerodynamics-inc-4a,Aerodynamics Inc
aeroejecutiva,AeroEjecutiva
aeroeste-roe,Aeroeste
aeroferinco-sa-de-cv-feo,Aeroferinco SA de CV
aeroflot-su,Aeroflot
aerofuturo-fut,Aerofuturo
aerogaviota-kg,Aerogaviota
aerogeo,AeroGeo
aeroland-airways-aen,Aeroland Airways
aerolap-paraguay-airlines,AeroLap Paraguay Airlines
aerolimuzin,Aerolimuzin
aerolinea-santander,Aerolinea Santander
aerolineas-argentinas-ar,Aerolineas Argentinas
aerolineas-especiales-de-colombia,Aerolineas Especiales de Colombia
aerolineas-mas,Aerolineas Mas
aerolineas-sosa-p4,Aerolineas Sosa
aerolineas-vive-peru,Aerolineas Vive Peru
aerolink-air-services,Aerolink Air Services
aerologic-3s,AeroLogic
aerom-amm,Aerom
aeromar-vw,Aeromar
aeromas-msm,Aeromas
aeromaster-airways,Aeromaster Airways
aeromet-mte,Aeromet
aeromexico-am,Aeromexico
aeromexico-connect-5d,Aeromexico Connect
aeromil-pacific-93c,Aeromil Pacific
aeromoscovia,Aeromoscovia
aeronaves-peruanas-air-cargo,Aeronaves Peruanas Air Cargo
aeronaves-tsm-vtm,Aeronaves TSM
aeropacifico-tfo,AeroPacifico
aeropacifico---aeroservicios-de-la-costa-taa,Aeropacifico - Aeroservicios de la Costa
aeropostal-alas-de-venezuela-sa-vh,"Aeropostal, Alas De Venezuela S.A."
aeroservicios-empresariales-sa-de-cv-tq7,Aeroservicios Empresariales SA de CV
aerospace-consortium-akq,Aerospace Consortium
aerostan-bsc,Aerostan
aerosucre-colombia-kre,Aerosucre Colombia
aerosur-paraguay,Aerosur Paraguay
aerotaxi-cni,Aerotaxi
aerotaxi-de-valledupar,Aerotaxi de Valledupar
aerotaxi-sro-czech-republic-ite,Aerotaxi s.r.o [Czech Republic]
aerotecnica-sa,Aerotecnica SA
aerotucan-rtu,Aerotucan
aerotur-air-rai,Aerotur Air
aerounion-6r,Aerounion
aerovias-caribe-express,Aerovias Caribe Express
aerovias-dap-dap,Aerovías DAP
aerovip-aog,AeroVip
aerovis-airlines-vs,Aerovis Airlines
aerovista,Aerovista
afghan-jet-international-airlines-hn,Afghan Jet International Airlines
afra-airways,Afra Airways
afric-aviation-l8,Afric Aviation
africa-air-assistance,Africa Air Assistance
africa-charter-airline,Africa Charter Airline
africa-world-airlines-aw,Africa World Airlines
africas-connection,Africa's Connection
african-express-airways-xu,African Express Airways
africawest-cargo-wta,Africawest Cargo
afrijet-business-service,Afrijet Business Service
afriqiyah-airways-8u,Afriqiyah Airways
ag-air,AG Air
ahs-air-international,AHS Air International
aigle-azur-zi,Aigle Azur
air-26-dcd,Air 26
air-aktobe,Air Aktobe
air-aland,Air Aland
air-algerie-ah,Air Algerie
air-alize,Air Alize
air-almaty-lmy,Air Almaty
air-amazonia,Air Amazonia
air-andorra,Air Andorra
air-annobon,Air Annobon
air-antilles-express-3s,Air Antilles Express
air-arabia-g9,Air Arabia
air-arabia-egypt-e5,Air Arabia Egypt
air-arabia-jordan-9p,Air Arabia Jordan
air-arabia-maroc-3o,Air Arabia Maroc
air-archipels-rhl,Air Archipels
air-astana-kc,Air Astana
air-atlanta-icelandic-cc,Air Atlanta Icelandic
air-austral-uu,Air Austral
air-bagan-w9,Air Bagan
air-belgium-new,Air Belgium (New)
air-bellevue-inc,Air Bellevue Inc
air-botswana-bp,Air Botswana
air-brasil-linhas-aereas-bsl,Air Brasil Linhas Aereas
air-bravo-corporation,Air Bravo Corporation
air-bright,Air Bright
air-bucharest-bur,Air Bucharest
air-burkina-2j,Air Burkina
air-burundi-8y,Air Burundi
air-busan-bx,Air Busan
air-cairo-sm,Air Cairo
air-caledonie-ty,Air Caledonie
air-canada-ac,Air Canada
air-canada-jetz,Air Canada Jetz
air-canada-rouge-rv,Air Canada rouge
air-caraibes-tx,Air Caraibes
air-cargo-carriers-2q,Air Cargo Carriers
air-cargo-global-acg-ub,Air Cargo Global (ACG)
air-cargo-limited,Air Cargo Limited
air-cargo-mongolia,Air Cargo Mongolia
air-carnival-2s,Air Carnival
air-cemac,Air CEMAC
air-century-cey,Air Century
air-changan-9h,Air Changan
air-charter-service,Air Charter Service
air-chathams-cv,Air Chathams
air-china-ca,Air China
air-china-cargo-cao,Air China Cargo
air-choice-one-3e,Air Choice One
air-class-lineas-aereas-qcl,Air Class Lineas Aereas
air-company-continent-cne,Air Company Continent
air-congo-international,Air Congo International
air-corsica-xk,Air Corsica
air-costa-lb,Air Costa
air-costa-rica-ri,Air Costa Rica
air-cote-divoire-hf,Air Côte d’Ivoire
air-creebec-yn,Air Creebec
air-croatia,Air Croatia
air-daegu,Air Daegu
air-dalnerechensk,Air Dal'nerechensk
air-direct-connect-ltd-dq,Air Direct Connect Ltd
air-djibouti,Air Djibouti
air-do-hd,Air Do
air-dolomiti-en,Air Dolomiti
air-dorval-ltee-adt,Air Dorval Ltee
air-eagle-ega,Air Eagle
air-east-te1,Air East
air-europa-express-ova,Air Europa Express
air-europa-lineas-aereas-ux,Air Europa Lineas Aereas
air-excel-tanzania-xll,Air Excel (Tanzania)
air-excursions-x4,Air Excursions
air-express-algeria,Air Express Algeria
air-flamenco-f4,Air Flamenco
air-france-af,Air France
air-france-klm-sa-group-fleet-orders,Air France-KLM S.A. (Group Fleet Orders)
air-france-klm-martinair-cargo,Air France-KLM-Martinair Cargo
air-gemini-gll,Air Gemini
air-georgian-zx,Air Georgian
air-ghana-ag,Air Ghana
air-ghislaine,Air Ghislaine
air-go-eo,Air Go
air-greenland-gl,Air Greenland
air-guilin-gt,Air Guilin
air-guinea-bissau,Air Guinea-Bissau
air-guinee-international,Air Guinee International
air-guyane-express,Air Guyane Express
air-highnesses-hns,Air Highnesses
air-hong-kong-ld,Air Hong Kong
air-horizont,Air Horizont
air-iceland-ny,Air Iceland
air-iglesias,Air Iglesias
air-incheon-kj,Air Incheon
air-india-ai,Air India
air-india-cargo,Air India Cargo
air-india-express-ix,Air India Express
air-india-regional-9i,Air India Regional
air-indus-i6,Air Indus
air-inuit-3h,Air Inuit
air-italy-i9,Air Italy
air-jamaica-jm,Air Jamaica
air-japan-nq,Air Japan
air-juan,Air Juan
air-karnten,Air Kärnten
air-katanga,Air Katanga
air-kbz-k7,Air KBZ
air-kerala,Air Kerala
air-kiribati-akl,Air Kiribati
air-korea-co-ltd,Air Korea Co Ltd
air-koryo-js,Air Koryo
air-kufra,Air Kufra
air-kyrgyzstan-qh,Air Kyrgyzstan
air-labrador-wj,Air Labrador
air-lada,Air Lada
air-leasing-cameroon,Air Leasing Cameroon
air-leisure-al,Air Leisure
air-leone-rll,Air Leone
air-liaison-q9,Air Liaison
air-libya-tlr,Air Libya
air-link-dr,Air Link
air-loyaute-vzr,Air Loyaute
air-macau-nx,Air Macau
air-madagascar-md,Air Madagascar
air-majoro,Air Majoro
air-maleo,Air Maleo
air-malta-km,Air Malta
air-manas-zm,Air Manas
air-mancora,Air Mancora
air-mandalay-6t,Air Mandalay
air-marshall-islands-cw,Air Marshall Islands
air-mauritius-mk,Air Mauritius
air-max-rmx,Air Max
air-memphis-mhs,Air Memphis
air-mikisew,Air Mikisew
air-million-cargo-charter,Air Million Cargo Charter
air-minas-6m,Air Minas
air-moldova-9u,Air Moldova
air-namibia-sw,Air Namibia
air-nelson-rlk,Air Nelson
air-new-zealand-nz,Air New Zealand
air-niamey,Air Niamey
air-niugini-px,Air Niugini
air-north-4n,Air North
air-norway-nfa,Air Norway
air-nunavut-bff,Air Nunavut
air-odisha,Air Odisha
air-one-nine-n6,Air One Nine
air-pack-express,Air Pack Express
air-panama-pst,Air Panama
air-peace,Air Peace
air-pegasus-op,Air Pegasus
air-post-p3s,Air Post
air-rarotonga-gz,Air Rarotonga
air-republiq,Air Republiq
air-safaris--services-nz-sri,Air Safaris & Services (NZ)
air-sahel,Air Sahel
air-saint-pierre-pj,Air Saint Pierre
air-santo-domingo-sdo,Air Santo Domingo
air-scorpio-scu,Air Scorpio
air-senegal,Air Senegal
air-seoul-rs,Air Seoul
air-serbia-ju,Air Serbia
air-serv-international,Air Serv International
air-service-wildgruber-w5d,Air Service Wildgruber
air-seychelles-hm,Air Seychelles
air-shuttle,Air Shuttle
air-sial,Air Sial
air-sinai-4d,Air Sinai
air-sirin,Air Sirin
air-south-charter,Air South Charter
air-st-kittsnevis,Air St. Kitts/Nevis
air-sunshine-yi,Air Sunshine
air-sweden-swe,Air Sweden
air-tahiti-vt,Air Tahiti
air-tahiti-nui-tn,Air Tahiti Nui
air-tanzania-tc,Air Tanzania
air-tetiaroa,Air Tetiaroa
air-timor,Air Timor
air-tindi-ltd-8t,Air Tindi Ltd
air-traffic-nairobi,Air Traffic Nairobi
air-transat-ts,Air Transat
air-transport-europe-eat,Air Transport Europe
air-tropiques,Air Tropiques
air-trust-kazakhstan-rtr,Air Trust (Kazakhstan)
air-tsolak,Air Tsolak
air-urga-3n,Air Urga
air-vallee-do,Air Vallee
air-vanuatu-nf,Air Vanuatu
air-via-vl,Air VIA
air-victory-georgia-gvi,Air Victory Georgia
air-wakaya,Air Wakaya
air-wemindji-w9m,Air Wemindji
air-west-georgia-awg,Air West (Georgia)
air-west-cargo,Air West Cargo
air-whitsunday-seaplanes-rws,Air Whitsunday Seaplanes
air-wisconsin-zw,Air Wisconsin
air-x-charter,Air X Charter
air-zimbabwe-um,Air Zimbabwe
air-taxi-europe-tz,air-taxi europe
air-tec-africa-acmi-leasing,Air-Tec Africa ACMI Leasing
air100,Air100
air2,Air2
air2there,Air2there
airasia-ak,AirAsia
airasia-india-i5,AirAsia India
airasia-japan-dj,AirAsia Japan
airasia-korea,AirAsia Korea
airasia-x-d7,AirAsia X
airbaltic-bt,airBaltic
airberlin-ab,airberlin
airblue-pa,airblue
airbridgecargo-airlines-ru,AirBridgeCargo Airlines
airbus-transport-international-4y,Airbus Transport International
aircalin-sb,Aircalin
aircompany-atma-ama,Aircompany ATMA
aircompany-rosavia-ura,Aircompany Rosavia
aircruising-australia-aix,AirCruising Australia
airest,Airest
airexplore-ed,AirExplore
airfast-indonesia-afe,Airfast Indonesia
airglow-aviation-services-gl,AirGlow Aviation Services
airgo-airlines-ags,Airgo Airlines
airgreen-srl,Airgreen SrL
airinter-1,Airinter 1
airjet,AirJet
airkenya-p2,AirKenya
airlift-international-of-ghana-ale,Airlift International of Ghana
airline-40,Airline 4.0
airlines-of-tasmania-atm,Airlines of Tasmania
airlink-finland,Airlink (Finland)
airly,Airly
airmark-asia-singapore,AirMark Asia (Singapore)
airnavia,Airnavia
airnet-express-usc,AirNet Express
airnorth-tl,Airnorth
airnow-ben,AirNow
airone-india,AirOne (India)
airpac-airlines-apc,Airpac Airlines
airquarius-aviation-aqu,AirQuarius Aviation
airsokol,Airsokol
airspeed-aviation,Airspeed Aviation
airstars-ase,Airstars
airswift-t6,AirSWIFT
airtaxi-sudan-wam,AirTaxi Sudan
airwaves,Airwaves
airwaves-airlink-wla,Airwaves Airlink
airwing-nwg,Airwing
airwork-awk,Airwork
ais-airlines-is,AIS Airlines
aist-m-airclub-ism,AIST M Airclub
aklak-6l,Aklak
al-bayraq,Al Bayraq
al-maha-airways,Al Maha Airways
al-naser-airlines-6n,Al-Naser Airlines
alada-rad,ALADA
alas-uruguay-yz,Alas Uruguay
alaska-airlines-as,Alaska Airlines
alaska-central-express-aer,Alaska Central Express
alaska-seaplane-j5,Alaska Seaplane
alaska-west-air,Alaska West Air
albanian-airways,Albanian Airways
albastar,AlbaStar
albatros-airlines-gal,Albatros Airlines
albawings-2b,Albawings
alberta-central-airways,Alberta Central Airways
alcon,Alcon
alexandria-airlines-khh,Alexandria Airlines
alfa-airlines-aaj,Alfa Airlines
alfly-taxi-aereo,Alfly Taxi Aereo
aliblue-malta,AliBlue Malta
alidaunia-d4,Alidaunia
alieurope,Alieurope
alitalia-az,Alitalia
alitalia-cityliner-ct,Alitalia Cityliner
alkan-air-akn,Alkan Air
all-express-corporation,All Express Corporation
all-nippon-airways-nh,All Nippon Airways
all-west-freight-inc,All West Freight Inc
allegiance-air-anj,Allegiance Air
allegiance-airways---gabon,Allegiance Airways - Gabon
allegiant-air-g4,Allegiant Air
alliance-air,Alliance Air
alliance-air-charter,Alliance Air Charter
alliance-airline-skx,Alliance Airline
alliance-airlines-qq,Alliance Airlines
alliance-airlines-inc-3a,Alliance Airlines Inc
alliance-avia,Alliance Avia
allibo-air-cargo,ALLibo Air Cargo
allied-air-4w,Allied Air
almajara-aviation-mja,Almajara Aviation
almasria-universal-airlines-uj,AlMasria Universal Airlines
almaty-avia-lmt,Almaty Avia
aloha-air-cargo-kh,Aloha Air Cargo
alok-air-lok,Alok Air
alpha-express-airlines-apz,Alpha Express Airlines
alpha-star-aviation,Alpha Star Aviation
alpine-air-express-aip,Alpine Air Express
alpine-aviation-5a,Alpine Aviation
alpine-lakes-air,Alpine Lakes Air
alrosa-avia-lro,Alrosa Avia
alrosa-mirny-air-enterprise-6r,Alrosa Mirny Air Enterprise
als-limited-k4,ALS Limited
alsa-grupo-slu-5i,Alsa Grupo Slu
alsie-express-6i,Alsie Express
alta-flights-charters-inc-alz,Alta Flights (Charters) Inc
altai-airlines,Altai Airlines
aluu-airlines,Aluu Airlines
alwafeer-air-wfr,Alwafeer Air
amakusa-airlines-mz,Amakusa Airlines
amapola-flyg-apf,Amapola Flyg
amapola-flyg-ab-hp,Amapola Flyg AB
amaszonas-z8,Amaszonas
amaszonas-del-paraguay-zp,Amaszonas del Paraguay
amaszonas-uruguay-bqb,Amaszonas Uruguay
amazon-sky,Amazon Sky
amazonair,Amazonair
amber-airways,Amber Airways
amc-airlines-amv,AMC Airlines
amerer-air-amk,Amerer Air
american-airlines-aa,American Airlines
american-west-jets,American West Jets
ameriflight-a8,Ameriflight
amerijet-international-m6,Amerijet International
ameristar-charters,Ameristar Charters
ameristar-jet-charter-aji,Ameristar Jet Charter
amur-airlines,Amur Airlines
amur-aviation-base,Amur Aviation Base
ana-wings-eh,ANA Wings
anadolujet-tk1,AnadoluJet
anda-air,Anda Air
andes-lineas-aereas-oy,Andes Lineas Aereas
andorra-airlines,Andorra Airlines
angara-airlines-2g,Angara Airlines
angel-airways,Angel Airways
anglia-airways,Anglia Airways
angola-air-charter-ago,Angola Air Charter
anguilla-air-services-q3,Anguilla Air Services
anka-aviation-cargo,Anka Aviation Cargo
antair,Antair
antonov-airlines-adb,Antonov Airlines
antrak-air-o4,Antrak Air
apel-colombia-4ap,APEL Colombia
apex-airlines-so,APEX Airlines
apg-airlines-gp,APG Airlines
aqua-airlines,Aqua Airlines
arab-wings,Arab Wings
arctic-air-service,Arctic Air Service
arctic-airlink,Arctic Airlink
arctic-sunwest-charters-a84,Arctic Sunwest Charters
arcus-air-aze,Arcus Air
argo,ARGO
aria-air-irx,Aria Air
ariana-afghan-airlines-fg,Ariana Afghan Airlines
ariella-airlines,Ariella Airlines
arik-air-w3,Arik Air
arjet-airlines,ARjet Airlines
ark-airways-arq,Ark Airways
arkas,Arkas
arkia-israeli-airlines-iz,Arkia Israeli Airlines
armenia-airlines-rm,Armenia Airlines
armenia-airways-cjsc-6a,Armenia Airways CJSC
arp-410-airlines-urp,ARP 410 Airlines
arpa,ARPA
arrow-flight-club,Arrow Flight Club
artik-avia-art,Artik Avia
aruba-airlines-aru,Aruba Airlines
asahi-airlines,Asahi Airlines
asap-charters-ca,ASAP Charters CA
asas-de-mocambique,Asas de Mocambique
asco-nusa-air,Asco Nusa Air
aserca-airlines-r7,Aserca Airlines
asia-alpha-airways,Asia Alpha Airways
asia-atlantic-airlines-hb,Asia Atlantic Airlines
asia-pacific-airline-png-7ap,Asia Pacific Airline PNG
asia-pacific-airlines-p9,Asia Pacific Airlines
asialink-cargo-express-kp,Asialink Cargo Express
asian-air-dm,Asian Air
asian-blue,Asian Blue
asian-express-airline-kv,Asian Express Airline
asian-wings-airways-yj,Asian Wings Airways
asiana-airlines-oz,Asiana Airlines
askari-aviation-4k,Askari Aviation
asky-airlines-kp,ASKY Airlines
asl-airlines-belgium-3v,ASL Airlines Belgium
asl-airlines-france-5o,ASL Airlines France
asl-airlines-hungary-fah,ASL Airlines Hungary
asl-airlines-ireland-ag,ASL Airlines Ireland
asl-airlines-spain-pnr,ASL Airlines Spain
asl-airlines-switzerland-fat,ASL Airlines Switzerland
associated-aviation-scd,Associated Aviation
astra-airlines-a2,Astra Airlines
astral-aviation-8v,Astral Aviation
astro-air-international,Astro Air International
ata-airlines-iran-i3,ATA Airlines (Iran)
ati---air-transport-international-8c,ATI - Air Transport International
atlantic-airlines-nicaragua-ayn,Atlantic Airlines (Nicaragua)
atlantic-airlines-de-honduras-hha,Atlantic Airlines De Honduras
atlantic-airways-rc,Atlantic Airways
atlantic-southeast-airlines-asq,Atlantic Southeast Airlines
atlantic-star-airlines,Atlantic Star Airlines
atlantis-european-airways-td,Atlantis European Airways
atlas-air-5y,Atlas Air
atlas-atlantique-airlines-l5,Atlas Atlantique Airlines
atlasglobal-kk,AtlasGlobal
atlasjet-ukraine-uh,Atlasjet Ukraine
atp-empresa-de-aerotaxi-e-manutencao-pam,ATP-Empresa de Aerotaxi e Manutencao Pam
atrak-airlines,Atrak Airlines
aurela-lsk,Aurela
auric-air-services-auk,Auric Air Services
aurigny-air-services-gr,Aurigny Air Services
aurora-hz,Aurora
aurora-air-international,Aurora Air International
aussie-batik,Aussie Batik
austral-au,Austral
austrian-airlines-os,Austrian Airlines
av-cargo-z3,AV Cargo
ava-airways,AVA Airways
ava-transportation,Ava Transportation
avanti-air-atv,Avanti Air
avanti-airlines-eex,Avanti Airlines
avatar-airlines,Avatar Airlines
avcom,AVCOM
avia-jaynar-sap,Avia Jaynar
avia-traffic-company-yk,Avia Traffic Company
aviacon-zito-trans-zr,Aviacon Zito-Trans
aviaenergo-7u,Aviaenergo
aviaexport-airways,Aviaexport Airways
aviaexpress-aircompany-vxx,Aviaexpress Aircompany
avial-nvi,Avial
avialeasing-aviation-company-twn,Avialeasing Aviation Company
avialesookhrana-central-base-for-forest-ffa,Avialesookhrana Central Base for Forest
avialift-vladivostok,Avialift Vladivostok
avianca-av,Avianca
avianca-brazil-o6,Avianca Brazil
avianca-cargo-qt,Avianca Cargo
avianca-costa-rica-lr,Avianca Costa Rica
avianca-ecuador-2k,Avianca Ecuador
avianca-el-salvador-ta,Avianca El Salvador
avianca-guatemala-gu,Avianca Guatemala
avianca-honduras-wc,Avianca Honduras
avianca-nicaragua-la-costena-nis,Avianca Nicaragua (La Costena)
avianca-peru-t0,Avianca Peru
aviandina-vnd,Aviandina
aviant-uak,Aviant
aviaobshchemash-obm,Aviaobshchemash
aviashelf,Aviashelf
aviastar-mandiri-mv,Aviastar Mandiri
aviastar-tu-4b,Aviastar-TU
aviation-assistance-international,Aviation Assistance International
aviator-airlines-t9,Aviator Airlines
aviatrans,Aviatrans
aviatsa,Aviatsa
aviavilsa-lvr,Aviavilsa
avic-cargo-airlines,AVIC Cargo Airlines
aviofun,Aviofun
aviolet,Aviolet
avion-express-x9,Avion Express
avior-airlines-9v,Avior Airlines
avior-regional-rgr,Avior Regional
aviostart-vsr,Aviostart
avirex-gabon-vxg,Avirex Gabon
avis-amur,Avis-Amur
avluga-trans,Avluga-Trans
awex-croatia,AWEX Croatia
axiom-air,Axiom Air
ayk-avia-ayk,Ayk Avia
azal-helicopter-baku-aviation-company,Azal Helicopter Baku Aviation Company
azaljet,AZALJET
azerbaijan-airlines-azal-j2,Azerbaijan Airlines AZAL
azman-air,Azman Air
aztec-airways-aj,Aztec Airways
azul-ad,Azul
azur-air,Azur Air
azurair-gmbh,Azurair GmbH
azza-transport-company-azz,Azza Transport Company
ba-cityflyer-cj,BA CityFlyer
badr-airlines-j4,Badr Airlines
bahamasair-up,Bahamasair
baikal-airlines,Baikal Airlines
baires-fly,Baires Fly
bald-mountain-air-service,Bald Mountain Air Service
baltia-air-lines-bq,Baltia Air Lines
baltic-air-service,Baltic Air Service
baltic-airlines,Baltic Airlines
baltijas-meridians,Baltijas Meridians
bangkok-airways-pg,Bangkok Airways
barents-airlink-8n,barents AirLink
barkol-aviakompania-bkl,Barkol Aviakompania
baron-aviation-services-bvn,Baron Aviation Services
barq-aviation,Barq Aviation
barrier-air,Barrier Air
bassaka-air-5b,Bassaka Air
batair-cargo,Batair Cargo
batik-air-id,Batik Air
bay-air-aviation,Bay Air Aviation
bayu-air,Bayu Air
bb-airways-bo,BB Airways
bearskin-airlines-jv,Bearskin Airlines
beijing-airlines-bjn,Beijing Airlines
beijing-capital-airlines-jd,Beijing Capital Airlines
bek-air-z9,Bek Air
belair-airlines-4t,Belair Airlines
belavia-b2,Belavia
belgorod-air-enterprise-bed,Belgorod Air Enterprise
belogorie-blo,Belogorie
bemidji-airlines-ch,Bemidji Airlines
ben-air-bnt,Ben Air
benair-bdi,Benair
bergen-air-transport-bgt,Bergen Air Transport
bering-air-8e,Bering Air
berjaya-air-j8,Berjaya Air
berkut-west-bpk,Berkut West
berry-aviation-bya,Berry Aviation
bestair-bst,Bestair
bestfly,Bestfly
bh-air-8h,BH Air
bh-heli,BH Heli
bhms-air-charters-llc,BHMS Air Charters LLC
bhutan-airlines-b3,Bhutan Airlines
bidair-cargo,BidAir Cargo
big-island-air-big,Big Island Air
bighorn-airways-bhr,Bighorn Airways
billion-air,Billion Air
biman-bangladesh-airlines-bg,Biman Bangladesh Airlines
bimini-island-air-bmy,Bimini Island Air
binair-bid,BinAir
binter-cv-ntb,Binter CV
bintercanarias-nt,BinterCanarias
bishwo-airways,Bishwo Airways
bismillah-airlines-bml,Bismillah Airlines
biznes-aero,Biznes Aero
black-sea-airlines-oda,Black Sea Airlines
black-sheep-aviation--cattle-co,Black Sheep Aviation & Cattle Co
blagoveshchensk-airlines,Blagoveshchensk Airlines
bliss-jet,Bliss Jet
blu-express,blu-express
blue-air-0b,Blue Air
blue-bird-air-line,Blue Bird Air Line
blue-bird-aviation-blb,Blue Bird Aviation
blue-city-aviation-hfd,Blue City Aviation
blue-dart-aviation-bz,Blue Dart Aviation
blue-islands-si,Blue Islands
blue-panorama-airlines-bv,Blue Panorama Airlines
blue-sky-aviation-sbk,Blue Sky Aviation
blue-sky-aviation-services-uae,Blue Sky Aviation Services (UAE)
blue-water-aviation,Blue Water Aviation
blue-wing-airlines-bwi,Blue Wing Airlines
blue1-kf,Blue1
bluebird-airways-bz,Bluebird Airways
bluebird-aviation-bbz,Bluebird Aviation
bluebird-cargo-bf,Bluebird Cargo
bluesky-airlines-cayman-islands,BlueSky Airlines (Cayman Islands)
bluesky-airlines-drc,BlueSky Airlines (DRC)
bluesky-airways,BlueSky Airways
bmi-regional-bm,bmi regional
boa-regional,BoA Regional
bohlke-international-airways,Bohlke International Airways
boliviana-de-aviacion-ob,Boliviana de Aviacion
bond-offshore-helicopters-ltd,Bond Offshore Helicopters Ltd
borajet-yb,BoraJet
borcola,Borcola
bosnian-wand-airlines,Bosnian Wand Airlines
botir-avia-btr,Botir Avia
boutique-air-4b,Boutique Air
bra---braathens-regional-airlines-tf,BRA - Braathens Regional Airlines
braniff-international-airlines,Braniff International Airlines
branson-air-express-1x,Branson Air Express
brascoota,Brascoota
brava-linhas-aereas-nt,Brava Linhas Aereas
bravo-airways,Bravo Airways
bremenfly-bfy,Bremenfly
briko-air-services-bko,Briko Air Services
british-airways-ba,British Airways
british-gulf-international-airlines-bgi,British Gulf International Airlines
british-international-bs,British International
broome-aviation,Broome Aviation
brussels-airlines-sn,Brussels Airlines
bt-slavuta-btt,BT-Slavuta
budapest-aircraft-service-base-bps,Budapest Aircraft Service (BASe)
buddha-air-u4,Buddha Air
buffalo-airways-bfl,Buffalo Airways
bukovyna-airlines-bkv,Bukovyna Airlines
bulgaria-air-fb,Bulgaria Air
bulgarian-air-charter-buc,Bulgarian Air Charter
bural-bun,Bural
buraq-air-uz,Buraq Air
burundaiavia-ivr,Burundaiavia
business-airlines-bcv,Business Airlines
business-aviation-centre-uq,Business Aviation Centre
business-aviation-of-congo,Business Aviation of Congo
busy-bee-congo,Busy Bee Congo
buzz-airways,Buzz Airways
c--m-airways-rwg,C & M Airways
c-s-turisticos-ca,C S Turisticos CA
cabo-verde-express-cve,Cabo Verde Express
cairo-aviation-cce,Cairo Aviation
cal-cargo-air-lines-5c,CAL Cargo Air Lines
california-pacific-airlines,California Pacific Airlines
calima-aviacion-cmv,Calima Aviacion
cally-air,Cally Air
calm-air--mo,Calm Air
camair-co-qc,Camair-Co
cambodia-airlines,Cambodia Airlines
cambodia-angkor-air-k6,Cambodia Angkor Air
cambodia-bayon-airlines-bd,Cambodia Bayon Airlines
canadian-airways-congo,Canadian Airways Congo
canadian-north-5t,Canadian North
canarias-aeronautica-cau,Canarias Aeronautica
canarias-airlines-nt1,Canarias Airlines
canaryfly-pm,CanaryFly
caneflight-enterprises,Caneflight Enterprises
canjet-airlines-c6,CanJet Airlines
canlynx-airways,Canlynx Airways
cape-air-9k,Cape Air
capital-airlines-nigeria-ncp,Capital Airlines (Nigeria)
capital-airways,Capital Airways
caravan-charters-llc,Caravan Charters LLC
cardig-air-8f,Cardig Air
cardinal-prestige-helicopter-charter,Cardinal Prestige Helicopter Charter
cargo-air-bulgaria-cgf,Cargo Air (Bulgaria)
cargo-airways-international,Cargo Airways International
cargojet-airways-w8,Cargojet Airways
cargologicair-p3,CargoLogicAir
cargolux-airlines-international-cv,Cargolux Airlines International
cargolux-china,Cargolux China
cargolux-italia-c8,Cargolux Italia
carib-south-airways,Carib South Airways
caribair-cbc,Caribair
caribbean-airlines-bw,Caribbean Airlines
caribintair-crt,Caribintair
caricom-airways,Caricom Airways
carpatair-v3,Carpatair
carson-helicopters-inc,Carson Helicopters Inc
carson-services-inc,Carson Services Inc
caspian-airlines-cpn,Caspian Airlines
castle-aviation-csj,Castle Aviation
cat-island-air-cis,Cat Island Air
caterham-jet,Caterham Jet
cathay-pacific-cx,Cathay Pacific
cavok-air-cvk,Cavok Air
cayman-airways-kx,Cayman Airways
cayman-airways-express,Cayman Airways Express
cebgo-dg,Cebgo
cebu-pacific-5j,Cebu Pacific
ceiba-intercontinental-c2,CEIBA Intercontinental
celebes-air,Celebes Air
cello-aviation-clj,Cello Aviation
cemair-5z,CemAir
center-south-airlines-cts,Center South Airlines
central-air-southwest-ctl,Central Air Southwest
central-asian-aviation-services,Central Asian Aviation Services
central-charter-airlines-slovakia-ccs,Central Charter Airlines Slovakia
central-mountain-air-9m,Central Mountain Air
centurion-cargo-we,Centurion Cargo
century-airlines,Century Airlines
cetraca-air-service-cer,Cetraca Air Service
cfa-air-charter,CFA Air Charter
chalair-aviation-ce,Chalair Aviation
cham-wings-airlines-saw,Cham Wings Airlines
chani-enterprises,Chani Enterprises
charlie-airlines,Charlie Airlines
chartair,Chartair
charter-air-transport-vc,Charter Air Transport
chc-airways-sch,CHC Airways
chc-cameroon,CHC Cameroon
chc-chad,CHC Chad
chc-global-operations-canada-hmb,CHC Global Operations Canada
chc-helicopter-corporation,CHC Helicopter Corporation
chc-helicopters-australia-hem,CHC Helicopters (Australia)
chc-helicopters-ireland,CHC Helicopters (Ireland)
chc-helicopters-netherlands,CHC Helicopters (Netherlands)
chc-helicopters-nigeria,CHC Helicopters (Nigeria)
chc-helikopter-service-as-hks,CHC Helikopter Service A/S
chc-scotia-denmark-aps,CHC Scotia Denmark ApS
chc-scotia-ltd,CHC Scotia Ltd
chc-stellavia,CHC Stellavia
chengdu-airlines-eu,Chengdu Airlines
chernomor-avia-cmk,Chernomor Avia
cherokee-air-ltd,Cherokee Air Ltd
cherry-air-ccy,Cherry Air
chilean-airways,Chilean Airways
chilejet-h8,Chilejet
china-airlines-ci,China Airlines
china-cargo-airlines-ck,China Cargo Airlines
china-eastern-airlines-mu,China Eastern Airlines
china-express-airlines-g5,China Express Airlines
china-flying-dragon-aviation-cfa,China Flying Dragon Aviation
china-northwest-international-cargo-airlines,China Northwest International Cargo Airlines
china-postal-airlines-cf,China Postal Airlines
china-southern-airlines-cz,China Southern Airlines
china-united-airlines-kn,China United Airlines
china-xinhua-airlines-cxh,China Xinhua Airlines
chitaavia-chf,Chitaavia
choice-aire,Choice Aire
chongqing-airlines-oq,Chongqing Airlines
chukotavia-adz,Chukotavia
ciaca-airlines,CIACA Airlines
cielos-airlines-a2,Cielos Airlines
cimber-as-qa,Cimber A/S
cinnamon-air-c7,Cinnamon Air
cit-airways,CIT Airways
citilink-qg,Citilink
city-airways-e8,City Airways
cityjet-wx,CityJet
cityline-hungary,Cityline Hungary
citywing-nm,Citywing
civair-helicopters-cc-ciw,Civair Helicopters CC
clay-lacy-aviation-cly,Clay Lacy Aviation
clesh-aviation,Clesh Aviation
click-airways-international-ckw,Click Airways International
club-one-air,Club One Air
cm-airlines-cc,CM Airlines
cmc-aviation,CMC Aviation
coastal-air-cxt,Coastal Air
coastal-airline-system,Coastal Airline System
coastal-aviation-cq,Coastal Aviation
cobalt-air-co,Cobalt Air
cobham-aviation-services-nc,Cobham Aviation Services
colombe-airlines,Colombe Airlines
colorful-guizhou-airlines-duocai-guizhou-airlines-gy,Colorful Guizhou Airlines (Duocai Guizhou Airlines)
columbia-helicopters-inc,Columbia Helicopters Inc
columbus-avia-cbs,Columbus Avia
comair-south-africa-mn,Comair (South Africa)
comeravia-cvv,Comeravia
comlux-aviation,Comlux Aviation
commercial-aviation-enterprises,Commercial Aviation Enterprises
commutair-c5,Commutair
comores-air-service,Comores Air Service
comores-aviation-kmz,Comores Aviation
compagnie-aerienne-maouene,Compagnie Aerienne Maouene
compagnie-mauritanienne-de-transports-ae-cpm,Compagnie Mauritanienne de Transports Ae
compass-airlines-cp,Compass Airlines
conair-aviation,Conair Aviation
concors-company-cos,Concors Company
condor-flugdienst-de,Condor Flugdienst
congo-airways,Congo Airways
conquest-air-cargo-c4,Conquest Air Cargo
constanta-airlines-uza,Constanta Airlines
contigo-peru,Contigo Perú
contour-airlines,Contour Airlines
contract-air-cargo,Contract Air Cargo
converse-air,Converse Air
conviasa-v0,Conviasa
copa-airlines-cm,Copa Airlines
copa-airlines-colombia-p5,Copa Airlines Colombia
copterline,Copterline
corendon-airlines-xc,Corendon Airlines
corendon-dutch-airlines-cd,Corendon Dutch Airlines
corpac-canada-cpb,Corpac Canada
corpjet-bwe,CorpJet
corporate-air-australia,Corporate Air (Australia)
corporate-air-usa-cpt,Corporate Air (USA)
corporate-flight-management-lf,Corporate Flight Management
corsair-ss,Corsair
cosmos-air-cargo,Cosmos Air Cargo
costa-airlines,Costa Airlines
cotair,Cotair
coturisca-sa-3co,Coturisca SA
courtesy-air,Courtesy Air
coyne-airways-7c,Coyne Airways
croatia-airlines-ou,Croatia Airlines
cronos-airlines-c8,Cronos Airlines
cruzeiro-taxi-aereo,Cruzeiro Taxi Aereo
crystal-aircruises,Crystal AirCruises
crystal-luxury-air,Crystal Luxury Air
csa-air-inc-iro,CSA Air Inc
csa-czech-airlines-ok,CSA Czech Airlines
ctk-network-aviation-mali,CTK Network Aviation Mali
cubana-de-aviacion-cu,Cubana de Aviacion
cv-cargo,CV Cargo
cygnus-air-rgn,Cygnus Air
daallo-airlines-d3,Daallo Airlines
dac-aviation,DAC Aviation
daily-air,Daily Air
dalian-airlines-ccd,Dalian Airlines
damal-airlines,Damal Airlines
dana-air-9j,Dana Air
danaus-airlines-nau,Danaus Airlines
danish-air-transport-dx,Danish Air Transport
dart-airlines,Dart Airlines
dauria,Dauria
deer-jet,Deer Jet
delbitur,Delbitur
delcar-express,Delcar Express
delta-air-lines-dl,Delta Air Lines
delta-k,Delta K
denim-air-acmi-g6,Denim Air ACMI
denver-air-connection,Denver Air Connection
deraya-air-taxi-dry,Deraya Air Taxi
desert-air,Desert Air
destination-air-co-ltd,Destination Air Co. Ltd
deta-air-det,Deta Air
dexter,Dexter
dhl-aero-expreso-d5,DHL Aero Expreso
dhl-air-uk-d0,DHL Air UK
dhl-de-guatemala-l3,DHL de Guatemala
dhl-ecuador-transam-7t,DHL Ecuador (TransAm)
dhl-international-aviation-me-es,DHL International Aviation ME
diexim-expresso,Diexim Expresso
dimonim-air,Dimonim Air
direct-avia,Direct Avia
direktflyg-hs,Direktflyg
divi-divi-air,Divi Divi Air
dniproavia-z6,Dniproavia
dodson-international-charter,Dodson International Charter
dolphin-air-zd,Dolphin Air
dominican-wings,Dominican Wings
donghai-airlines-dz,Donghai Airlines
dot-lt-r6,DOT LT
douniah-airlines-dh,Douniah Airlines
dove-air-services,Dove Air Services
dragonair-ka,Dragonair
drb-hicom-asia-cargo-express,DRB-HICOM Asia Cargo Express
drb-hicom-asia-cargo-express-3g,DRB-HICOM Asia Cargo Express
druk-air-kb,Druk Air
dsv,DSV
dubnica-air,Dubnica Air
dynamic-airways-dya,Dynamic Airways
dynamic-aviation-group,Dynamic Aviation Group
eagle-air-guinea-egr,Eagle Air (Guinea)
eagle-air-uganda-h7,Eagle Air (Uganda)
eagle-air-iceland-fei,Eagle Air Iceland
eagle-air-transport-e13,Eagle Air Transport
eagle-helicopters-inc-ez9,Eagle Helicopters Inc
eaglexpress-air-charter-9a,Eaglexpress Air Charter
east-air-eg,East Air
east-horizon-airlines-ea,East Horizon Airlines
east-kazakhstan-region-air-enterprise-uck,East Kazakhstan Region Air Enterprise
east-wing-ewz,East Wing
east-wind,East-Wind
eastar-jet-ze,Eastar Jet
eastern-air-lines-eal,Eastern Air Lines
eastern-airways-t3,Eastern Airways
eastern-airways-swaziland,Eastern Airways (Swaziland)
eastern-australia-airlines-eaq,Eastern Australia Airlines
eastern-skyjets-ee,Eastern Skyjets
eastindo-air-taxi--charter,Eastindo Air Taxi & Charter
easy-link-aviation-services-fye,Easy Link Aviation Services
easyfly-ef,Easyfly
easyjet-u2,easyJet
easyjet-switzerland-ds,easyJet Switzerland
easysky,EasySky
ecair---equatorial-congo-airlines-lc,ECAir - Equatorial Congo Airlines
ecojet-8j,EcoJet
edelweiss-air-wk,Edelweiss Air
efly,Efly
egyptair-ms,EgyptAir
egyptair-express-mse,EgyptAir Express
el-al-ly,El Al
el-magal-aviation-mgg,El Magal Aviation
el-sol-de-america-esc,El Sol De America
elbafly,Elbafly
elcovka,Elcovka
elite-airways-7q,Elite Airways
ellinair-el,Ellinair
elysian-airlines-e4,Elysian Airlines
emerald-air,Emerald Air
emerald-pacific-airlines,Emerald Pacific Airlines
emirates-air-services,Emirates Air Services
emirates-airline-ek,Emirates Airline
empire-airlines-em,Empire Airlines
empire-aviation-group-fzco-mje,Empire Aviation Group FZCO
empire-aviation-san-marino,Empire Aviation San Marino
encore-air-cargo,Encore Air Cargo
endeavor-air-9e,Endeavor Air
enerjet-enj,Enerjet
enggang-air-service,Enggang Air Service
enhance-aero-group,Enhance Aero Group
enimex-eni,Enimex
enter-air-e4,Enter Air
enterprise-world-airways-ews,Enterprise World Airways
envoy-mq,Envoy
epic-air,Epic Air
epsilon-aviation-sa-grv,Epsilon Aviation SA
equaflight-e7,Equaflight
eram-air-iry,Eram Air
eritrean-airlines-b8,Eritrean Airlines
es-air,ES-Air
estafeta-e7,Estafeta
estar-avia,Estar Avia
estelar-etr,Estelar
estelar-latinoamerica,Estelar Latinoamerica
ethiopian-airlines-et,Ethiopian Airlines
etihad-airways-ey,Etihad Airways
etihad-regional-f7,Etihad Regional
etram-air-wing-etm,Etram Air Wing
eurasian-airways,Eurasian Airways
eurex-airlines-urx,Eurex Airlines
euro-asia-air-kze,Euro-Asia Air
euroatlantic-airways-yu,euroAtlantic airways
european-air-transport-leipzig-qy,European Air Transport Leipzig
european-helicopter-center,European Helicopter Center
eurowings-ew,Eurowings
eurowings-europe-e2,Eurowings Europe
eva-air-br,EVA Air
evas-air-8k,EVAS Air
evelop-airlines-e9,Evelop Airlines
evergreen-helicopters-of-alaska,Evergreen Helicopters of Alaska
evergreen-international-airlines-eia,Evergreen International Airlines
everjets,Everjets
everts-air-cargo-vts,Everts Air Cargo
ewa-air-ewr,Ewa Air
exclusive-alliance,Exclusive Alliance
exec-air-x7,Exec Air
exec-direct-aviation-eda,Exec Direct Aviation
execujet,ExecuJet
executive-aerospace-eas,Executive Aerospace
executive-turbine-kenya,Executive Turbine Kenya
exim-trading,Exim Trading
exin-exn,EXIN
express-air-cargo-7a,Express Air Cargo
express-airways-epr,Express Airways
express-freighters-australia-efa,Express Freighters Australia
expressjet-airlines-ev,ExpressJet Airlines
extrajet,ExtraJet
facts-air-fcs,Facts Air
fai-rent-a-jet-ifa,FAI Rent-A-Jet
fair-aviation-fav,Fair Aviation
falcon-aviation-services-fvs,Falcon Aviation Services
family-airlines,Family Airlines
far-eastern-air-transport-fe,Far Eastern Air Transport
fars-qeshm-air-lines-qfz,Fars Qeshm Air Lines
fastjet-fn,fastjet
fastjet-kenya,fastjet Kenya
fastjet-south-africa,fastjet South Africa
fastjet-zambia,fastjet Zambia
fastjet-zimbabwe-fjw,fastjet Zimbabwe
federal-air-7v,Federal Air
fedex-fx,FedEx
feeder-airlines-fdd,Feeder Airlines
felix-airways-fo,Felix Airways
feniks-airlines-fnk,Feniks Airlines
fieldair,FieldAir
fiji-airways-fj,Fiji Airways
fiji-link-suf,Fiji Link
filair,Filair
finnair-ay,Finnair
firefly-fy,Firefly
firnas-airways,Firnas Airways
first-air-7f,First Air
first-flying,First Flying
first-nation-airways-frn,First Nation Airways
fits-aviation-8d,FITS Aviation
flair-airlines-fle,Flair Airlines
fleet-air-international,Fleet Air International
flex-air-cargo,Flex Air Cargo
flexflight-w2,FlexFlight
flight-alaska-4y,Flight Alaska
flight-inspections--systems-jsc---spets-lts,Flight Inspections & Systems JSC - Spets
flightlink-air-charter,Flightlink Air Charter
florida-air-cargo,Florida Air Cargo
florida-coastal-airlines-pa,Florida Coastal Airlines
florida-express-jet,Florida Express Jet
florida-west-international-airways-rf,Florida West International Airways
fly-air-flm,Fly Air
fly-all-ways-8w,Fly All Ways
fly-blue-crane-7b,Fly Blue Crane
fly-caminter-ef,Fly CamInter
fly-corporate-fc,Fly Corporate
fly-county-aviation,Fly County Aviation
fly-erbil,Fly Erbil
fly-ernest,Fly Ernest
fly-eth-handels,Fly Eth Handels
fly-go-air,Fly Go Air
fly-guam,Fly Guam
fly-international-airways-nvj,Fly International Airways
fly-jamaica-airways-oj,Fly Jamaica Airways
fly-jordan-fjr,Fly Jordan
fly-kiss-kt,Fly Kiss
fly-mid-africa-8g,Fly Mid Africa
fly-nawras-nawras-air,Fly Nawras (Nawras Air)
fly-one-5f,Fly One
fly-sax-b5,Fly-SAX
fly540-5h,Fly540
fly540-tanzania,Fly540 Tanzania
flyadeal,flyadeal
flyaruba,FlyAruba
flybaghdad-if,FlyBaghdad
flybe-be,Flybe
flybondi,Flybondi
flycaa---compagnie-africaine-daviation-bu,flyCAA - Compagnie Africaine d'Aviation
flycomoros,flyComoros
flydamas-4j,FlyDamas
flydenim,FlyDenim
flydubai-fz,flydubai
flyeasy,FLYeasy
flyegypt-ft,FlyEgypt
flying-fish-airline-cc,Flying Fish Airline CC
flyington-freighters,Flyington Freighters
flyme-vp,FlyMe
flymex,FlyMex
flymii,Flymii
flymojo,flymojo
flymontserrat-5m,FlyMontserrat
flynas-xy,flynas
flyoristano,flyOristano
flypelican-fp,FlyPelican
flysafair-fa,FlySafair
flytoo,FlyToo
flyviking-as,FlyViking AS
flyways-linhas-aereas-fyw,Flyways Linhas Aéreas
fmi-air-nd,FMI Air
fort-frances-sportsmen-airways,Fort Frances Sportsmen Airways
fortune-air,Fortune Air
forty-eight-aviation,Forty Eight Aviation
free-airways,Free Airways
free-falcon-air,Free Falcon Air
free-spirit-airlines,Free Spirit Airlines
freebird-airlines-fh,Freebird Airlines
freedom-air-fp,Freedom Air
freedom-airlines-f8,Freedom Airlines
freight-runners-express-frg,Freight Runners Express
french-blue-bf,French Blue
frontier-airlines-f9,Frontier Airlines
frontier-flying-service-2f,Frontier Flying Service
fuga-air-charter,Fuga Air Charter
fuji-dream-airlines-jh,Fuji Dream Airlines
fuzhou-airlines-fu,Fuzhou Airlines
gabon-flyafricacom,Gabon flyafrica.com
galex-guinea-air-giw,Galex Guinea Air
galeyr-airline,Galeyr Airline
gam-cargo-services,Gam Cargo Services
gama-aviation-plc-gsh,Gama Aviation Plc
gambia-new-millenium-air,Gambia New Millenium Air
garuda-indonesia-ga,Garuda Indonesia
gatari-air-service-ghs,Gatari Air Service
gazpromavia-4g,Gazpromavia
gb-airlink,GB AirLink
geasa-gea,GEASA
general-airways,General Airways
genex-gnx,Genex
gensa-gen,GENSA
georgian-airways-a9,Georgian Airways
georgian-international-airlines-4l,Georgian International Airlines
georgian-star-international-gst,Georgian Star International
georgiaskies,GeorgiaSkies
german-sky-airlines-ghy,German Sky Airlines
germania-st,Germania
germanwings-4u,Germanwings
getra-guinea-ecuatorial-de-transportes-a-get,GETRA-Guinea Ecuatorial de Transportes A
ghadames-air-transport-ght,Ghadames Air Transport
ghana-airways,Ghana Airways
gira-globo-ltda-aeronautica-ggl,Gira Globo Ltda Aeronautica
gjaevair,GjaevAir
glo,GLO
global-africa-aviation-z5,Global Africa Aviation
global-air-dmj,Global Air
global-aviation-and-services-group-5s,Global Aviation and Services Group
global-aviation-operations,Global Aviation Operations
global-supply-systems-gss,Global Supply Systems
global-vectra-helicorp,Global Vectra Helicorp
globus-gh,Globus
gm-helicopters,GM Helicopters
go-fly-airlines,Go Fly Airlines
go-one-airways-gk,Go One Airways
go-aviation,Go! Aviation
go2sky-6g,Go2Sky
goair-g8,GoAir
goair-citylink,GoAir Citylink
gojet-g7,GoJet
gol-g3,Gol
gol-dominicana,Gol Dominicana
golden-myanmar-airlines-y5,Golden Myanmar Airlines
golden-wings-aviation,Golden Wings Aviation
golden-wings-aviation-south-sudan,Golden Wings Aviation South Sudan
goldstar-air,Goldstar Air
goliaf-air-gle,Goliaf Air
goma-air,Goma Air
gomelavia-gom,Gomelavia
good-fly,Good Fly
gorlitsa-airlines-gor,Gorlitsa Airlines
gosarvaq,GoSarvaq
goto-nordics,goTO-Nordics
gowair,Gowair
gr-avia-gib,GR Avia
grace-airways,Grace Airways
grafair,Grafair
grand-canyon-airlines-cvu,Grand Canyon Airlines
grand-china-air-cn,Grand China Air
grand-cru-airlines-gca,Grand Cru Airlines
grant-aviation-gv,Grant Aviation
great-lakes-airlines-zk,Great Lakes Airlines
green-flag,Green Flag
greenair,Greenair
grodno-aviakompania-grx,Grodno Aviakompania
grozny-avia-zg,Grozny Avia
gryphon-airlines-6p,Gryphon Airlines
gst-aero-aircompany-bmk,GST Aero Aircompany
gtra-airways,GTRA Airways
guangxi-beibu-gulf-airlines-gx,Guangxi Beibu Gulf Airlines
guicango-ncl,Guicango
guinea-air-cargo-gjh,Guinea Air Cargo
guinea-airlines-w24,Guinea Airlines
gulf--caribbean-air-if,Gulf & Caribbean Air
gulf-air-gf,Gulf Air
gum-air-gum,Gum Air
guna-airlines,Guna Airlines
hageland-aviation-services-h6,Hageland Aviation Services
hahn-air-lines-hr,Hahn Air Lines
hai-au-aviation,Hai Au Aviation
haifu-airlines,Haifu Airlines
hainan-airlines-hu,Hainan Airlines
haiti-aviation-h5,Haiti Aviation
hangzhou-yto-express-airlines-yg,Hangzhou YTO Express Airlines
harbour-air,Harbour Air
harbour-air-malta-hes,Harbour Air Malta
hawaiian-airlines-ha,Hawaiian Airlines
hawk-air-bh,Hawk Air
hawk-de-mexico-hmx,Hawk de Mexico
hawkair-aviation-bh,Hawkair Aviation
hawkins--powers-aviation-h2p,Hawkins & Powers Aviation
hdaircom-rpx,hdair.com
hearst-air-service,Hearst Air Service
heavylift-international-hvl,Heavylift International
hebei-airlines-ns,Hebei Airlines
hebridean-air-services-hbr,Hebridean Air Services
hefei-airlines,Hefei Airlines
heilongjiang-airlines,Heilongjiang Airlines
heli-air-monaco,Heli Air Monaco
heli-air-services-hlr,Heli Air Services
heli-inter-sa-hin,Heli Inter SA
heli-malongo-airways,Heli Malongo Airways
heli-max,Heli Max
heli-securite-helicopter-airline-hs,Heli Securite Helicopter Airline
heli-drive,Heli-drive
heliandes-ltda,Heliandes Ltda
helicargo-sa,Helicargo SA
helicocean-oce,Helicocean
helicol-hel,Helicol
helicopter-resources,Helicopter Resources
helicopteros-del-sureste-uv,Helicopteros del Sureste
helijet-aerotaxi-ltda,Helijet Aerotaxi Ltda
helijet-international-jb,Helijet International
helikopter-air-transport-gmbh-h1a,Helikopter Air Transport GmbH
heliservicio-campeche-sa-de-cv-hec,Heliservicio Campeche SA de CV
helisur,Helisur
helitours-hlt,Helitours
helitrans-as-9i,Helitrans A/S
helivan,Helivan
hellenic-seaplanes,Hellenic Seaplanes
hellivalle-sa,Hellivalle SA
hello-airlines-h3,Hello Airlines
helvetic-airways-2l,Helvetic Airways
henan-airlines-vd,Henan Airlines
hercules,Hercules
heringer-taxi-aereo,Heringer Taxi Aereo
heritage-air,Heritage Air
hermes-airlines-hrm,Hermes Airlines
hexair-ud,Hex'Air
hi-fly-5k,Hi Fly
hi-fly-malta-hfm,Hi Fly Malta
himalaya-airlines-h9,Himalaya Airlines
himalayan-bulls-airlines,Himalayan Bulls Airlines
hinterland-aviation-hnd,Hinterland Aviation
hk-express-uo,HK Express
hnz-cougar-helicopters-pty-ltd,HNZ Cougar Helicopters Pty Ltd
hoga-kusten-flyg,Höga Kusten Flyg
hokkaido-air-system-nth,Hokkaido Air System
holiday-air,Holiday Air
holidayjet-gm,HolidayJet
hong-kong-airlines-hx,Hong Kong Airlines
hop-a5,HOP!
hop-airlinair-an,HOP! Airlinair
hop-brit-air-db,HOP! Brit Air
hop-regional-ys,HOP! Regional
horizon-air-qx,Horizon Air
hummingbird-air,Hummingbird Air
hunnu-airlines-mr,Hunnu Airlines
huron-air--outfitters-air-inc,Huron Air & Outfitters Air Inc
i-fly-h5,I-Fly
iag-group-fleet-orders,IAG (Group Fleet Orders)
ibc-airways-ii,IBC Airways
iberia-ib,Iberia
iberia-express-i2,Iberia Express
iberia-regional-air-nostrum-yw,Iberia Regional Air Nostrum
ibex-airlines-fw,IBEX Airlines
icar-air-,Icar Air
icaro-x8,Icaro
icelandair-fi,Icelandair
ijet-charters,iJet Charters
iliamna-air-taxi-v8,Iliamna Air Taxi
ilin-aviakompania,Ilin Aviakompania
ilyich-avia-ill,Ilyich-Avia
imd-airways,IMD Airways
imperial-air-cargo,Imperial Air Cargo
inaer-helicopter-france-pth,Inaer Helicopter France
india-international-airways-iil,India International Airways
indigo-6e,IndiGo
indonesia-air-transport-ida,Indonesia Air Transport
indonesia-airasia-qz,Indonesia AirAsia
indonesia-airasia-x-xt,Indonesia AirAsia X
innu-mikun-airlines-pb1,Innu Mikun Airlines
inselair-7i,InselAir
inselair-aruba-8i,InselAir Aruba
instantair,Instantair
insumos-alimenticios-prawn-7ca,Insumos Alimenticios Prawn 7.C.A
intal-air,Intal Air
intan-angkasa-air-services,Intan Angkasa Air Services
inter-colombia-ict,Inter (Colombia)
inter-iles-air,Inter Iles Air
inter-island-airways,Inter Island Airways
inter-island-airways-american-samoa,Inter Island Airways (American Samoa)
inter-archipelago-airways-inc,Inter-Archipelago Airways Inc
interair-south-africa-d6,Interair South Africa
intercaribbean-airways-jy,interCaribbean Airways
interisland-airlines-isn,InterIsland Airlines
interjet-4o,Interjet
interlink-aviation-id,Interlink Aviation
international-airlink-i4,International AirLink
international-business-air-6i,International Business Air
intira-airlines,Intira Airlines
inversia-air-inv,Inversia Air
inversiones-aeres-patagonia,Inversiones Aeres Patagonia
investavia-airline-tlg,InvestAvia Airline
iraero-io,IrAero
iran-air-ir,Iran Air
iran-air-tours-b9,Iran Air Tours
iran-aseman-airlines-ep,Iran Aseman Airlines
iranian-naft-airlines-nv,Iranian Naft Airlines
iraq-gate,Iraq Gate
iraqi-airways-ia,Iraqi Airways
iris-air,Iris Air
irkut-avia,Irkut-Avia
irtysh-air-ih,Irtysh Air
island-air-wp,Island Air
island-air-service-2o,Island Air Service
island-aviation-inc-soy,Island Aviation Inc
island-express-air,Island Express Air
island-helicopters-ih7,Island Helicopters
island-valley-airways-ltd,Island Valley Airways Ltd
islands-nationair,Islands Nationair
islas-afortunadas-air,Islas Afortunadas Air
isles-of-scilly-skybus-ios,Isles Of Scilly Skybus
israir-airlines-6h,Israir Airlines
itab---international-trans-air-business-wq9,ITAB - International Trans Air Business
italian-airways,Italian Airways
itek-air-gi,Itek Air
ivoirienne-de-transportes-aeriens,Ivoirienne de Transportes Aeriens
iws-aviation,IWS Aviation
izair,IZair
izhavia-i8,Izhavia
j-air-jl1,J-Air
jags-aviation,Jags Aviation
jagson-airlines-jgn,Jagson Airlines
jamaica-air-shuttle-j6,Jamaica Air Shuttle
jambojet,Jambojet
japan-air-commuter-jc,Japan Air Commuter
japan-airlines-jl,Japan Airlines
japan-transocean-air-nu,Japan Transocean Air
jasmin-airways,Jasmin Airways
jazeera-airways-j9,Jazeera Airways
jazz-qk,Jazz
jed,JED
jedair,JedAir
jeju-air-7c,JEJU air
jet-2000-jtt,Jet 2000
jet-4-now,Jet 4 Now
jet-air-o2,JET AIR
jet-air-group,Jet Air Group
jet-airlines-soz,Jet Airlines
jet-airways-9w,Jet Airways
jet-asia-airways-jf,Jet Asia Airways
jet-asia-international,Jet Asia International
jet-express,Jet Express
jet-systems-france,Jet Systems France
jet-time-jo,Jet Time
jet-time-finland,Jet Time Finland
jet2com-ls,Jet2.com
jetblue-airways-b6,jetBlue Airways
jetconnect-qnz,Jetconnect
jetfly,JetFly
jetgo-america,JetGo America
jetgo-australia-jg,JetGo Australia
jetisfaction,Jetisfaction
jetlines,Jetlines
jetlite-s2,JetLite
jetsmart,JetSmart
jetstar-airways-jq,Jetstar Airways
jetstar-asia-3k,Jetstar Asia
jetstar-hong-kong,Jetstar Hong Kong
jetstar-japan-gk,Jetstar Japan
jetstar-pacific-bl,Jetstar Pacific
jetsuite,JetSuite
jetsuitex-xe,JetSuiteX
jetxtracom,JetXtra.com
jiangsu-airlines,Jiangsu Airlines
jiangxi-air-ry,Jiangxi Air
jilin-airlines,Jilin Airlines
jin-air-lj,Jin Air
join-regonial-airlines,JOIN! Regonial Airlines
jonair,Jonair
jordan-aviation-r5,Jordan Aviation
jordan-international-air-cargo-jci,Jordan International Air Cargo
jota-aviation,Jota Aviation
joy-air-jr,Joy Air
joy-luzhou-airlines,Joy Luzhou Airlines
jp-air,JP Air
js-air-jsj,JS Air
jubba-airways-jbw,Jubba Airways
juneyao-airlines-ho,Juneyao Airlines
just-fly,Just Fly
jutland-jets,Jutland Jets
k-mile-air-8k,K-Mile Air
k2-smartjets,K2 SmartJets
kabo-air-qnk,Kabo Air
kabul-air-kbl,Kabul Air
kairali-airlines,Kairali Airlines
kalahari-air-services--charter,Kalahari Air Services & Charter
kalahari-airways,Kalahari Airways
kalitta-air-k4,Kalitta Air
kalitta-charters-kfs,Kalitta Charters
kalitta-charters-ii-llc,Kalitta Charters II LLC
kalitta-charters-llc,Kalitta Charters LLC
kallat-elsaker-air-kes,Kallat Elsaker Air
kalstar-aviation-kd,Kalstar Aviation
kam-air-rq,Kam Air
kamaka-air-inc,Kamaka Air Inc
kan-air-k8,Kan Air
kapo-avia-kao,KAPO Avia
karinou-airlines-u5,Karinou Airlines
karpas-airlines,Karpas Airlines
karpaty-avia,Karpaty-Avia
kasas,KASAS
kata-transportation-company-ktv,Kata Transportation Company
katekavia-ktk,Katekavia
katmai-air-kt,Katmai Air
kato-airline-kat,Kato Airline
kavango-air,Kavango Air
kavok-airlines,Kavok Airlines
kaya-airlines-twm,Kaya Airlines
kazair-west-kaw,Kazair West
kazan-avia-kka,Kazan Avia
kazaviaspas-kzs,Kazaviaspas
kd-air-kdc,KD Air
keewatin-air-fk,Keewatin Air
kenai-river-xpress,Kenai River Xpress
kenmore-air-m5,Kenmore Air
kenn-borek-air-4k,Kenn Borek Air
kenya-airways-kq,Kenya Airways
key-lime-air-lym,Key Lime Air
keystone-air-service-kee,Keystone Air Service
kf-aerospace-kfa,KF Aerospace
khabarovsk-airlines,Khabarovsk Airlines
khors-air-kho,Khors Air
khozu-avia-ozu,Khozu Avia
khuphuka-kings-airways,Khuphuka Kings Airways
kin-avia,Kin Avia
kinda-airlines,Kinda Airlines
kirov-air-enterprise-kta,Kirov Air Enterprise
kish-air-y9,Kish Air
klasjet,KlasJet
klm-cityhopper-wa,KLM Cityhopper
klm-royal-dutch-airlines-kl,KLM Royal Dutch Airlines
knight-aviation,Knight Aviation
kokshetau-airlines-krt,Kokshetau Airlines
komiaviatrans-ko,Komiaviatrans
koral-blue-kbr,Koral Blue
korea-express-air-kea,Korea Express Air
korean-air-ke,Korean Air
koryakavia,Koryakavia
kosmos-airlines-ksm,Kosmos Airlines
kostroma-air-enterprise,Kostroma Air Enterprise
krasavia-ssj,KrasAvia
kriber-airlines,Kriber Airlines
kululacom,kulula.com
kunming-airlines-ky,Kunming Airlines
kush-air,Kush Air
kuwait-airways-ku,Kuwait Airways
kyoritsu-air-co-ltd,Kyoritsu Air Co Ltd
kyrgyztrans-avia-6k,KyrgyzTrans Avia
kyzyl-orda-air,Kyzyl Orda Air
la-compagnie-b0,La Compagnie
lac-linea-aerea-cuencana,LAC Linea Aerea Cuencana
lade---lineas-aereas-del-estado-lde,LADE - Líneas Aéreas del Estado
lake-and-peninsula-airlines-inc,Lake and Peninsula Airlines Inc
lam--mozambique-airlines-tm,LAM – Mozambique Airlines
lamia,LaMia
lamia-bolivia,LaMia Bolivia
lan-airlines-la,LAN Airlines
lan-argentina-4m,LAN Argentina
lan-cargo-uc,LAN Cargo
lan-cargo-colombia-l7,Lan Cargo Colombia
lan-colombia-4c,LAN Colombia
lan-ecuador-xl,LAN Ecuador
lan-express-lu,LAN Express
lan-peru-lp,LAN Peru
lankan-cargo-rln,Lankan Cargo
lanzarote-aerocargo-sl,Lanzarote Aerocargo SL
lao-airlines-qv,Lao Airlines
lao-skyway-lk,Lao Skyway
laparkan-airways-le,Laparkan Airways
laser-ql,LASER
latam-airlines,LATAM Airlines
latam-cargo,LATAM Cargo
latin-air-cargo,Latin Air Cargo
latin-american-wings,Latin American Wings
layang-layang-aerospace-lay,Layang-Layang Aerospace
layonair,Layonair
lc-peru-w4,LC Peru
leair-charter-services,LeAir Charter Services
leal-lineas-aereas-de-argentina,LEAL-Lineas Aereas de Argentina
lease-fly-lzf,Lease Fly
leisure-cargo,Leisure Cargo
leste-aviation,Leste Aviation
lets-fly,Let's Fly
leuenberger-air-service,Leuenberger Air Service
liard-air,Liard Air
liat-li,LIAT
libyan-air-cargo-lcr,Libyan Air Cargo
libyan-airlines-ln,Libyan Airlines
libyan-wings-yl,Libyan Wings
lima-airlines,Lima Airlines
limitless-airways-lim,Limitless Airways
linea-de-aeroservicios-lse,Linea de Aeroservicios
lineas-aereas-del-sur,Lineas Aereas del Sur
lineas-aereas-orientales-u1l,Lineas Aereas Orientales
lineas-aereas-peninsulares,Lineas Aereas Peninsulares
lineas-aereas-suramericanas-lau,Lineas Aereas Suramericanas
link-airs-lnq,Link Airs
link-png,Link PNG
lion-air-jt,Lion Air
lipetsk-avia-lip,Lipetsk Avia
llanera-aviation-sa,Llanera Aviation SA
loadair-cargo,LoadAir Cargo
locair,Locair
loftleidir-icelandic,Loftleidir Icelandic
loganair-lm,Loganair
logistic-air,Logistic Air
lone-star-overnight,Lone Star Overnight
longhao-airlines,Longhao Airlines
longjiang-airlines-lt,Longjiang Airlines
loong-airlines-gj,Loong Airlines
lot-charters,LOT Charters
lot-polish-airlines-lo,LOT Polish Airlines
lotus-air-tas,Lotus Air
lr-airlines-lrb,LR Airlines
lta---linea-turistica-aereotuy-ca-tuy,LTA - Linea Turistica Aereotuy CA
lucky-air-8l,Lucky Air
luebeckair,LuebeckAir
lufthansa-lh,Lufthansa
lufthansa-cargo-gec,Lufthansa Cargo
lufthansa-cityline-cl,Lufthansa CityLine
lufttransport-l5,Lufttransport
lukiaviatrans-lkv,Lukiaviatrans
lukoil-avia-luk,Lukoil Avia
lux-airways,LUX Airways
luxair-lg,Luxair
luzair-luz,Luzair
lviv-airlines-5v,Lviv Airlines
lydd-air-lyd,Lydd Air
lynden-air-cargo-l2,Lynden Air Cargo
lynden-air-cargo-png,Lynden Air Cargo Png
maastricht-airlines,Maastricht Airlines
macair-jet-vm,Macair Jet
mack-air,Mack Air
madagasikara-airways,Madagasikara Airways
mae-jet-charters,MAE Jet Charters
magma-aviation,Magma Aviation
magnicharters-gmt,Magnicharters
mahan-air-w5,Mahan Air
mais-mozambican-airlines,MAIS Mozambican Airlines
majors-air-services,Major's Air Services
mak-air-akm,Mak Air
makalu-air,Makalu Air
malawian-airlines-3w,Malawian Airlines
malaysia-airlines-mh,Malaysia Airlines
maldivian-q2,Maldivian
maldivian-air-taxi,Maldivian Air Taxi
mali-air-express-train-vxp,Mali Air Express Train
malift-air-mlc,Malift Air
malindo-air-od,Malindo Air
malu-aviation,Malu Aviation
maluti-sky-7d,Maluti Sky
mandarin-airlines-ae,Mandarin Airlines
mango-je,Mango
mani-air-fret,Mani Air Fret
mann-yadanarpon-airlines-7y,Mann Yadanarpon Airlines
manunggal-air-service,Manunggal Air Service
map-linhas-aereas,MAP Linhas Aereas
maria-da-gloria-transportes-aereos,Maria da Glória Transportes Aéreos
maroomba-airlines,Maroomba Airlines
marsland-aviation-msl,Marsland Aviation
marsrosto,Marsrosto
martinair-mp,Martinair
martinaire-mra,Martinaire
masair-m7,MasAir
maswings-mh1,MASwings
mauritania-airlines-international-l6,Mauritania Airlines International
maverick-airlines,Maverick Airlines
maverick-helicopters,Maverick Helicopters
mavial---magadan-airlines-mvl,MAVIAL - Magadan Airlines
max-air-nigeria-ngl,Max Air (Nigeria)
max-aviation-inc,Max Aviation Inc
maxavia,Maxavia
maximus-air-cargo-mxu,Maximus Air Cargo
maya-island-air-my,Maya Island Air
mayair-7m,MAYAir
mcneely-charter-service-mds,McNeely Charter Service
mcs-aerocarga,MCS Aerocarga
med-airlines,MED Airlines
med-airways-7y,Med Airways
med-view-airline-vl,Med-View Airline
medavia-n5,Medavia
meezab-aviation,Meezab Aviation
mega---transportes-aereos-regionais-sa,MEGA - Transportes Aereos Regionais S.A.
mega-maldives-airlines-lv,Mega Maldives Airlines
melilla-airlines,Melilla Airlines
mena-aerospace-cargo-men,Mena Aerospace Cargo
menajet-im,Menajet
menorca-air,Menorca Air
meraj-air-ji,Meraj Air
mercury-world-cargo-4x,Mercury World Cargo
meridian-air-charter,Meridian Air Charter
meridian-airways-mag,Meridian Airways
meridian-avia-mmm,Meridian Avia
meridiana-ig,Meridiana
mesa-airlines-yv,Mesa Airlines
mesco-airlines,Mesco Airlines
metro-manila-airways-international-5mm,Metro Manila Airways International
metropolitan-airlines-eurosky-airlines,Metropolitan Airlines (Eurosky Airlines)
mhs-aviation,MHS Aviation
mhs-aviation-m2,MHS Aviation
miami-air-international-ll,Miami Air International
miat-mongolian-airlines-om,MIAT Mongolian Airlines
mid-airlines-nyl,Mid Airlines
mid-express-tchad,Mid Express Tchad
mid-atlantic-freight-m5f,Mid-Atlantic Freight
mid-sea-express,Mid-Sea Express
middle-east-airlines-me,Middle East Airlines
midwest-airlines-egypt-mwa,Midwest Airlines (Egypt)
milenium-air,Milenium Air
mimika-air,Mimika Air
minair-omr,Minair
mineral-airways,Mineral Airways
miniliner-mnl,Miniliner
minoan-air-mav,Minoan Air
miras-air,Miras Air
missinippi-airways,Missinippi Airways
mission-aviation-fellowship---maf,Mission Aviation Fellowship - MAF
mistral-air-7m,Mistral Air
misty-fjords-air,Misty Fjords Air
mn-aviation-inc,MN Aviation Inc.
mng-airlines-cargo-mb,MNG Airlines Cargo
mocambique-expresso-mxe,Moçambique Expresso
modern-logistics,Modern Logistics
mojn-express,Mojn Express
mokulele-airlines-mw,Mokulele Airlines
mombasa-air-safari-rrv,Mombasa Air Safari
monarch-airlines-zb,Monarch Airlines
mont-blanc-helicopteres,Mont Blanc Helicopteres
montair,MontAir
montenegro-airlines-ym,Montenegro Airlines
moremi-air-services,Moremi Air Services
morningstar-air-express-mal,Morningstar Air Express
moscow-sky,Moscow Sky
mosphil-aero-mpi,Mosphil Aero
motor-sich-airlines-m9,Motor Sich Airlines
mount-cook-airline-nzm,Mount Cook Airline
mount-cook-ski-planes,Mount Cook Ski PLanes
mountain-air,Mountain Air
mountain-air-cargo-mtn,Mountain Air Cargo
mrk-airlines-6v,MRK Airlines
msd-aviation,MSD Aviation
mundicanarias,Mundicanarias
murmanskoya-mnz,Murmanskoya
mustique-airways-maw,Mustique Airways
my-indo-airlines-2y,My Indo Airlines
myachkovo-air-services,Myachkovo Air Services
myanmar-airways-international-8m,Myanmar Airways International
myanmar-national-airlines-ub,Myanmar National Airlines
mycargo-9t,myCARGO
n-air-international,N-Air International
nac-charter,NAC Charter
nacional-de-aviacion-colombia,Nacional de Aviacion Colombia
nakina-air-service-t2,Nakina Air Service
nam-air-in,Nam Air
namaste-nepalese-air,Namaste Nepalese Air
nambu-air,Nambu Air
nantucket-airlines-ack,Nantucket Airlines
naryan-marski-air-enterprise,Naryan-Marski Air Enterprise
nasair-eritrea-ue,Nasair Eritrea
nasim-air,Nasim Air
natalco-airlines-nco,Natalco Airlines
nation-air,Nation Air
nationair-png,Nationair PNG
national-airlines-us-n8,National Airlines (US)
national-airways-9y,National Airways
national-aviation-company-gty,National Aviation Company
national-regionale-transport-nag,National Regionale Transport
nature-air-5c,Nature Air
naturelink-aviation-nrk,Naturelink Aviation
nauru-airlines-on,Nauru Airlines
nav-air-charter,Nav Air Charter
navion-airlines,Navion Airlines
naxosair,naxosair
nefteyugansk-air-enterprise-nft,Nefteyugansk Air Enterprise
neos-no,Neos
nepal-airlines-ra,Nepal Airlines
neptune-air-nep,Neptune Air
nesma-airlines-egypt-ne,Nesma Airlines (Egypt)
nesma-airlines-saudi-arabia-na,Nesma Airlines (Saudi Arabia)
nestor-falls-fly-in-outposts,Nestor Falls Fly-In Outposts
netjets,NetJets
network-aviation,Network Aviation
new-central-air-service,New Central Air Service
new-england-airlines-ej,New England Airlines
new-jatayu-air-jty,New Jatayu Air
newgen-airways-e3,NewGen Airways
newleaf-travel,NewLeaf Travel
nextjet-2n,NextJet
nextjetcanada,NEXTJETCANADA
nice-helicopters,Nice Helicopters
niger-airlines,Niger Airlines
nightexpress-ext,Nightexpress
niki-hg,NIKI
nile-air-np,Nile Air
nile-airways,Nile Airways
nine-star-airways,Nine Star Airways
ningbo-airlines,Ningbo Airlines
ningxia-cargo-airlines-ht,Ningxia Cargo Airlines
nippon-cargo-airlines-kz,Nippon Cargo Airlines
nizhnevartovsk-avia,Nizhnevartovsk Avia
noar-linhas-aereas-nra,Noar Linhas Aereas
nok-air-dd,Nok Air
nokscoot-xw,NokScoot
nolinor-aviation-nrl,Nolinor Aviation
nor-alta-aviation-lra,Nor-Alta Aviation
nordavia-5n,Nordavia
nordflyg-logistik-ab,Nordflyg Logistik AB
nordic-aviation-group,Nordic Aviation Group
nordic-flyways,Nordic Flyways
nordic-regional-airlines-n7,Nordic Regional Airlines
nordstar-airlines-y7,NordStar Airlines
nordways-sweden-ab,Nordways Sweden AB
nordwind-airlines-n4,Nordwind Airlines
norlandair-fna,Norlandair
norse-air-charter-nrx,Norse Air Charter
north-adria-aviation-nai,North Adria Aviation
north-cariboo-air-ncb,North Cariboo Air
north-shore-air,North Shore Air
north-south-airlines,North South Airlines
north-star-air,North Star Air
north-star-air-cargo-sbx,North Star Air Cargo
north-wright-airways-hw,North-Wright Airways
northeast-airlines-us,Northeast Airlines (US)
northeast-airlines-co-ltd-china,Northeast Airlines Co Ltd (China)
northeast-jetlines,Northeast Jetlines
northern-air-canada,Northern Air (Canada)
northern-air-fiji,Northern Air (Fiji)
northern-air-cargo-nc,Northern Air Cargo
northern-territory-air-services,Northern Territory Air Services
northwestern-airlease-j3,Northwestern Airlease
norwegian-air-international-d8,Norwegian Air International
norwegian-air-norway-as,Norwegian Air Norway AS
norwegian-air-shuttle-asa-dy,Norwegian Air Shuttle ASA
norwegian-air-uk-di,Norwegian Air UK
nouvelair-tunisie-bj,Nouvelair Tunisie
nouvelle-air-affaires-gabon-nvs,Nouvelle Air Affaires Gabon
nova-airways-o9,Nova Airways
novair-1i,Novair
novoair-vq,NOVOAIR
novy-urengoy-air-enterprise,Novy Urengoy Air Enterprise
nusantara-air-charter-ipn,Nusantara Air Charter
nusantara-buana-air,Nusantara Buana Air
nyaman-air,Nyaman Air
odyssey-airlines,Odyssey Airlines
ohana-by-hawaiian,Ohana by Hawaiian
okay-airways-bk,Okay Airways
olimex-olx,Olimex
olympic-air-oa,Olympic Air
oman-air-wy,Oman Air
omega-aircompany-mgk,Omega Aircompany
omni-air-international-oy,Omni Air International
omsk-airlines-n3,Omsk Airlines
one-airlines,One Airlines
one-sky-cargo-services,One Sky Cargo Services
onejet-j1,OneJet
onur-air-8q,Onur Air
openskies-ec,OpenSkies
orange-air,Orange Air
orange2fly,Orange2fly
orbest-portugal-6o,orbest PORTUGAL
orca-airways-ork,Orca Airways
orel-air-enterprise-orm,Orel Air Enterprise
orenburg-airlines-o7,Orenburg Airlines
orient-thai-airlines-ox,Orient Thai Airlines
oriental-air-bridge-oc,Oriental Air Bridge
originair-og,Originair
orion-airways-cyprus,Orion Airways (Cyprus)
orion-airways-us,Orion Airways (US)
osprey-wings,Osprey Wings
overland-airways-ola,Overland Airways
oya-vendee-helicopteres,OYA Vendee Helicopteres
pacific-air-express-pe,Pacific Air Express
pacific-airways-3f,Pacific Airways
pacific-airways-corporation,Pacific Airways Corporation
pacific-coastal-airlines-8p,Pacific Coastal Airlines
pacific-ocean,Pacific Ocean
pacific-wings-lw,Pacific Wings
pakistan-international-airlines-pk,Pakistan International Airlines
pal-express-2p,PAL Express
palau-pacific-airways,Palau Pacific Airways
palestinian-airlines-pf,Palestinian Airlines
pan-african-airlines,Pan African Airlines
pan-african-airways,Pan African Airways
pan-europeenne-air-service-pea,Pan Europeenne Air Service
pan-havacilik,Pan Havacilik
pan-pacific-airlines,Pan Pacific Airlines
panair-cargo-ctw,PanAir Cargo
panh-pan,PANH
pankh-avia,PANKh Avia
papillon-airways-hi,Papillon Airways
paradigm-air-operators,Paradigm Air Operators
paradise-air,Paradise Air
paradise-air-inc,Paradise Air Inc
paragon-air-express,Paragon Air Express
paramount-jet,Paramount Jet
paravai-lineas-aereas,Paravai Líneas Aéreas
pascan-aviation-p6,Pascan Aviation
pascan-aviation-inc-p6,Pascan Aviation Inc.
passaredo-2z,Passaredo
patagonia-airlines-ltda,Patagonia Airlines Ltda
pawa-dominicana-7n,PAWA Dominicana
payam-air-irp,Payam Air
pc-air-pca,PC Air
peach-mm,Peach
pearl-aviationaustralia-pty-ltd,Pearl Aviation Australia Pty Ltd
pegas-fly-ikar-airlines-ik,Pegas Fly (Ikar Airlines)
pegase-aviation,Pegase Aviation
pegasus-air-services,Pegasus Air Services
pegasus-airlines-pc,Pegasus Airlines
pegasus-asia,Pegasus Asia
pel-air-pfy,Pel-Air
pelita-air-service-pas,Pelita Air Service
penair-ks,PenAir
penas-air--pns,Penas Air
penta-pep,PENTA
peoples-viennaline-pe,People's Viennaline
peoplefly,PeopleFly
perimeter-airlines-pag,Perimeter Airlines
perimeter-aviation-yp,Perimeter Aviation
perla-airlines,Perla Airlines
peruvian-airlines-p9,Peruvian Airlines
petro-air,Petro Air
petroleum-air-services-vps,Petroleum Air Services
petropavlovsk-kamchatsky-air-enterprise-ptk,Petropavlovsk-Kamchatsky Air Enterprise
phakalane-airways,Phakalane Airways
phi-inc,PHI Inc
phi-petroleum-helicopters-inc-phm,PHI Petroleum Helicopters Inc
phi-venezuela,PHI Venezuela
philippine-airlines-pr,Philippine Airlines
philippines-airasia-z2,Philippines AirAsia
phoebus-apollo-aviation-phb,Phoebus Apollo Aviation
phoenix-air-j5k,Phoenix Air
phoenix-airways,Phoenix Airways
phoenix-aviation-kenya-phn,Phoenix Aviation (Kenya)
phuket-air-vap,Phuket Air
piedmont-airlines-pt,Piedmont Airlines
pineapple-air-pnp,Pineapple Air
pink-aviation-services-pn7,Pink Aviation Services
pionair-australia,Pionair Australia
pioner---regional-airlines,Pioner - Regional Airlines
planar-pln,Planar
planemasters-ltd-pms,Planemasters Ltd
planes-for-africa,Planes For Africa
plastun-avia,Plastun-Avia
plummers-arctic-lodges,Plummer's Arctic Lodges
plus-ultra-airlines-pu,Plus Ultra Airlines
png-air-airlines-png-cg,PNG Air (Airlines PNG)
pobeda-dp,Pobeda
podillia-avia-pda,Podillia Avia
pol-air,Pol Air
polar-air-cargo-po,Polar Air Cargo
polar-airlines-pi,Polar Airlines
polar-airlines-de-mexico,Polar Airlines de Mexico
polar-aviation-pty-ltd,Polar Aviation Pty Ltd
polynesian-airlines-ph,Polynesian Airlines
polynesie-perles,Polynesie Perles
pop,POP
pop-linhas-aereas-wtj,POP Linhas Aereas
porter-airlines-pd,Porter Airlines
portugalia-ni,Portugalia
pouya-air,Pouya Air
prams-air,Prams Air
precision-air-services-pw,Precision Air Services
premiair,Premiair
premier-airways-easy-air,Premier Airways (Easy Air)
premier-trans-aire-3x,Premier Trans Aire
prescott,Prescott
presidential-airways-s0p,Presidential Airways
prima-aero-trasporti-italiani-egs,PRiMA Aero Trasporti Italiani
primera-air-pf,Primera Air
primera-air-nordic-6f,Primera Air Nordic
prince-edward-air-cme,Prince Edward Air
privatair-pv,PrivatAir
privilege-style-pvg,Privilege Style
pro-air-charter-aruba,Pro Air Charter Aruba
proflight,Proflight
proflight-zambia-p0,Proflight Zambia
progress-tsskb-aviakompania-pss,Progress TsSKB Aviakompania
promech-air-z3,Promech Air
pronair,Pronair
pronto-airways-wew,Pronto Airways
propair-pro,Propair
protocole-aviation,Protocole Aviation
provincial-airlines-pb,Provincial Airlines
psa-airlines-jia,PSA Airlines
pskovavia-psw,Pskovavia
publiccharterscom-p1,PublicCharters.com
punto-azul,Punto Azul
puren-airlines,PuRen Airlines
puya-airlines,Puya Airlines
qantas-airways-qf,Qantas Airways
qantaslink,QantasLink
qatar-airways-qr,Qatar Airways
qazaq-air-iq,Qazaq Air
qeshm-air-qb,Qeshm Air
qingdao-airlines-qw,Qingdao Airlines
qinghai-airlines,Qinghai Airlines
quest-air-lbq,Quest Air
quikjet-airlines-qo,Quikjet Airlines
r-airlines-skyview-airways-rk,R Airlines (Skyview Airways)
rada-airlines,Rada Airlines
raf-avia-mtl,RAF Avia
rainbow-airlines-tzr,Rainbow Airlines
raul-helicopters,Raul Helicopters
ravn-alaska-7h,Ravn Alaska
raya-airways-th,Raya Airways
real-tonga-airlines-rt,Real Tonga Airlines
rectrix-aviation,Rectrix Aviation
red-wings-wz,Red Wings
regais-airlines,Regais Airlines
regent-airways-rx,Regent Airways
regio-air-rag,Regio-Air
regionair,RegionAir
regional,Régional
regional-1-airlines-tsh,Regional 1 Airlines
regional-air-rgb,Regional Air
regional-air-png,Regional Air (PNG)
regional-air-lines-fn,Regional Air Lines
regional-air-services-reg,Regional Air Services
regional-air-services-8n,Regional Air Services
regional-cargo-rcq,Regional Cargo
regional-express-rex-zl,Regional Express (Rex)
regional-jet-o-est,Regional Jet OÜ
regional-paraguaya,Regional Paraguaya
republic-airlines-rw,Republic Airlines
republic-express-airlines-rh,Republic Express Airlines
republicair-rbc,RepublicAir
revere-aviation-inc,Revere Aviation Inc
rey-airlines,Rey Airlines
rhein-neckar-air,Rhein-Neckar Air
rico-linhas-aereas-rle,RICO Linhas Aereas
riga-aeroclub-rak,Riga Aeroclub
rio-linhas-aereas-rio,Rio Linhas Aereas
rise,Rise
river-air-limited,River Air Limited
rivne-universal-avia-unr,Rivne Universal Avia
roblex-aviation-rox,Roblex Aviation
rodina,Rodina
rollins-air-rav,Rollins Air
roraima-airways-ror,Roraima Airways
rosneft-baltika-rnb,Rosneft Baltika
rossair-charter-rfs,Rossair Charter
rossiya---russian-airlines-fv,Rossiya - Russian Airlines
rostvertol-avia,Rostvertol-Avia
rotana-jet-rg,Rotana Jet
royal-air-gambia-rgg,Royal Air (Gambia)
royal-air-freight-rax,Royal Air Freight
royal-air-maroc-at,Royal Air Maroc
royal-air-maroc-express-rxp,Royal Air Maroc Express
royal-brunei-airlines-bi,Royal Brunei Airlines
royal-daisy-airlines-6d,Royal Daisy Airlines
royal-falcon-rl,Royal Falcon
royal-flight-4r,Royal Flight
royal-fly-gh-airline-royal-fly540-5g,Royal Fly-GH Airline (Royal Fly540)
royal-jordanian-rj,Royal Jordanian
royal-wings-ry,Royal Wings
ruby-star,Ruby Star
ruili-airlines-dr,Ruili Airlines
run-aviation,Run Aviation
rus-aviation-r4,Rus Aviation
rusair-cgi,Rusair
rusjet-rsj,RusJet
rusline-7r,RusLine
russ-air-transport-company-rur,Russ Air Transport Company
russian-sky-1t,Russian Sky
rusts-flying-service,Rust's Flying Service
rutaca-5r,Rutaca
rvl-aviation-rev,Rvl Aviation
rvr-aircraft-charter,RVR Aircraft Charter
rwandair-wb,RwandAir
ryan-air-services-7s,Ryan Air Services
ryanair-fr,Ryanair
ryazanaviatrans-ryz,Ryazanaviatrans
ryjet,RYJET
ryukyu-air-commuter-rac,Ryukyu Air Commuter
s-air,S-Air
s7-airlines-s7,S7 Airlines
sa-airlink-4z,SA Airlink
sa-express-xz,SA Express
sabah-air-aviation-sax,Sabah Air Aviation
sabang-merauke-raya-air-charter-smc,Sabang Merauke Raya Air Charter
sadelca-sdk,SADELCA
sadi-colombia,SADI Colombia
sae-societe-avion-express,SAE Societe Avion Express
saep-ksp,SAEP
saereo,SAEREO
saf-helicopteres-shp,SAF Helicopteres
safair-fa,Safair
safari-airlines,Safari Airlines
safari-airlink,Safari AirLink
safarilink-f2,Safarilink
safat-airlines-irv,Safat Airlines
safi-airways-4q,Safi Airways
safiran-airlines-sfn,Safiran Airlines
saga-myanmar,Saga (Myanmar)
saga-airlines-sgx,Saga Airlines
saha-airlines-irz,Saha Airlines
sahand-airlines-irs,Sahand Airlines
sahel-airlines,Sahel Airlines
saint-barth-commuter-pv,Saint Barth Commuter
saint-ex-cargo,Saint-Ex Cargo
sal,SAL
salalah-air,Salalah Air
salam-air-ov,Salam Air
salmon-air-mbi,Salmon Air
salsa-dhaiti-slc,Salsa d'Haiti
salt-air,Salt Air
sam-colombia-sam,SAM Colombia
samal-air-sav,Samal Air
samoa-air,Samoa Air
san-juan-airlines,San Juan Airlines
sansa-rz,SANSA
sap-5s,SAP
sapsan,Sapsan
sar-helicopters-sdn-xb2,SAR Helicopters Sdn
sarasota-airlines,Sarasota Airlines
saratov-airlines-6w,Saratov Airlines
sarpa,SARPA
sas-sk,SAS
sasca,SASCA
sata---air-acores-sp,SATA - Air Acores
sata-international-s4,SATA International
satena-9r,SATENA
saturn-aviakompania,Saturn Aviakompania
saudia-sv,Saudia
saudia-private-aviation,Saudia Private Aviation
saudigulf-airlines,SaudiGulf Airlines
saurya-airlines,Saurya Airlines
sax-tanzania,SAX-Tanzania
sba-airlines-s3,SBA Airlines
scan-air-charter,Scan Air Charter
scat-airlines-dv,SCAT Airlines
scd-aviation-scy,SCD Aviation
scenic-airlines-yr,Scenic Airlines
scoot-tz,Scoot
sds-aero,SDS Aero
sea-air,Sea Air
seaborne-airlines-bb,Seaborne Airlines
seair-international-xo,SEAir International
seair-pacific-gold-coast,Seair Pacific Gold Coast
seair-seaplanes,Seair Seaplanes
searca-colombia-src,SEARCA Colombia
seawings-ops,Seawings
second-arkhangelsk-aviation-division-oao,Second Arkhangelsk Aviation Division
selva-colombia-sdv,SELVA Colombia
semeyavia-smk,Semeyavia
sepahan-airlines-spn,Sepahan Airlines
sepehran-airways,Sepehran Airways
serair-transworld-press-sev,Serair Transworld Press
serami,Serami
serene-air,Serene Air
servant-air-8d,Servant Air
services-air,Services Air
servicios-aereos-de-los-andes-sac,Servicios Aereos de Los Andes S.A.C
servicios-aereos-regionales,Servicios Aereos Regionales
servicios-asociados-nacionales-de-transportes-aereos-santa,Servicios Asociados Nacionales de Transportes Aereos (Santa)
servicios-executivos-aereos-de-angola,Servicios Executivos Aereos de Angola
servicios-y-transportes-aereos-petrolero,Servicios y Transportes Aereos Petrolero
sevavia,Sevavia
severin-air-safaris-ltd,Severin Air Safaris Ltd
severstal-aircompany-d2,Severstal Aircompany
seychelles-airlines,Seychelles Airlines
sf-airlines-o3,SF Airlines
sgs-airlines,SGS Airlines
shaheen-air-international-nl,Shaheen Air International
shandong-airlines-sc,Shandong Airlines
shanghai-airlines-fm,Shanghai Airlines
shanxi-airlines,Shanxi Airlines
sharp-airlines-sh,Sharp Airlines
shenzhen-airlines-zh,Shenzhen Airlines
shenzhen-shenhui-airlines,Shenzhen Shenhui Airlines
shoreline-aviation-inc,Shoreline Aviation Inc
shovkoviy-shlyah-sww,Shovkoviy Shlyah
shree-airlines-sha,Shree Airlines
shuttle-america-s5,Shuttle America
siam-air-transport-o8,Siam Air Transport
siamjet-airlines,SiamJet Airlines
sibaviatrans-sib,Sibaviatrans
sibiya,Sibiya
sichuan-airlines-3u,Sichuan Airlines
sideral-air-cargo,Sideral Air Cargo
sierra-pacific-airlines-si,Sierra Pacific Airlines
sierra-west-airlines-pkw,Sierra West Airlines
silk-way-airlines-zp,Silk Way Airlines
silk-way-italia-sw-italia,Silk Way Italia (SW Italia)
silk-way-west-airlines-7l,Silk Way West Airlines
silkair-mi,SilkAir
silver-air-czech-republic-sld,Silver Air (Czech Republic)
silver-airways-3m,Silver Airways
silverback-cargo-freighters-vrb,Silverback Cargo Freighters
simargl,Simargl
simplifly,Simplifly
simrik-air,Simrik Air
simrik-airlines-rmk,Simrik Airlines
simrik-international-cargo-airlines,Simrik International Cargo Airlines
sindal-air-taxi,Sindal Air Taxi
singapore-airlines-sq,Singapore Airlines
singapore-airlines-cargo-sqc,Singapore Airlines Cargo
sinotrans-air,Sinotrans Air
sir-aero,SIR Aero
sirius-aero-cig,Sirius-Aero
sita-air,Sita Air
ska-air--logistics-skylink-arabia-kh,SKA Air & Logistics (SkyLink Arabia)
skies-airlines,Skies Airlines
skippers-aviation-hk,Skippers Aviation
skiva-air-kir,Skiva Air
skn-air-express,SKN Air Express
skol-cdv,SKOL
sky-airline-chile-h2,Sky Airline (Chile)
sky-airways,Sky Airways
sky-angkor-airlines-za,Sky Angkor Airlines
sky-aviation,Sky Aviation
sky-express-gq,Sky Express
sky-gabon-gv,Sky Gabon
sky-gates-airlines-u3,Sky Gates Airlines
sky-georgia-qb,Sky Georgia
sky-greenland,Sky Greenland
sky-horse-aviation-tnl,Sky Horse Aviation
sky-jet-sek,Sky Jet
sky-line-ulasim-ticaret,Sky Line Ulasim Ticaret
sky-linhas-aereas,SKY Linhas Aereas
sky-pasada,Sky Pasada
sky-pearl-aviation,Sky Pearl Aviation
sky-prime,Sky Prime
sky-regional-airlines,Sky Regional Airlines
sky-relief,Sky Relief
sky-shuttle-helicopters-limited-hhk,Sky Shuttle Helicopters Limited
sky-way-air-sab,Sky Way Air
sky-wind,Sky Wind
sky-wings-airlines-gsw,Sky Wings Airlines
skyair-s8,SkyAir
skybahamas-q7,SkyBahamas
skybus-jet-cargo,Skybus Jet Cargo
skybus-jsc-kazakhstan-7s,SkyBus JSC (Kazakhstan)
skycam-helicopteres-sarl-sck,Skycam Helicopteres Sarl
skydive--air-service,Skydive & Air Service
skydrift,Skydrift
skyhaul-hau,Skyhaul
skyjet-airlines-m8,SkyJet Airlines
skyjet-airways,Skyjet Airways
skylar-airways,Skylar Airways
skylease-cargo-gg,Skylease Cargo
skyline-air-services,SkyLine air services
skylink-express-slq,Skylink Express
skylux-avia,Skylux Avia
skymark-airlines-bc,Skymark Airlines
skymaster-airlines-skc,Skymaster Airlines
skynet-armenia,Skynet (Armenia)
skynorth-air,Skynorth Air
skytaxi-te,Skytaxi
skytraders-snd,Skytraders
skytrail,Skytrail
skytrans-q6,Skytrans
skyward-international-aviation-sew,Skyward International Aviation
skyway-dgd,Skyway
skyway-enterprises-ki,SkyWay Enterprises
skywest-airlines-oo,SkyWest Airlines
skywork-airlines-sx,SkyWork Airlines
skyxpress-airline-klo,SkyXpress Airline
slate-falls-airways-inc,Slate Falls Airways Inc
small-planet-airlines-cambodia,Small Planet Airlines Cambodia
small-planet-airlines-germany-llx,Small Planet Airlines Germany
small-planet-airlines-lithuania-s5,Small Planet Airlines Lithuania
small-planet-airlines-poland-p7,Small Planet Airlines Poland
small-planet-airlines-thailand,Small Planet Airlines Thailand
smartlynx-airlines-6y,SmartLynx Airlines
smartwings-qs,SmartWings
smile-air,Smile Air
smokey-bay-air-2e,Smokey Bay Air
snas-aviation-rse,SNAS Aviation
sncf-2c,SNCF
snowbird-airlines,Snowbird Airlines
sol-del-paraguay-lineas-aereas,Sol del Paraguay Lineas Aereas
solar-aviation-srb,Solar Aviation
solar-cargo-4s,Solar Cargo
solaris-airlines,Solaris Airlines
solaseed-air-6j,Solaseed Air
solenta-aviation-set,Solenta Aviation
solenta-aviation-gabon,Solenta Aviation Gabon
solinair-sop,Solinair
solomon-airlines-ie,Solomon Airlines
solyom-hungarian-airways-hun,Sólyom Hungarian Airways
somon-air-sz,Somon Air
sonair-sor,Sonair
songbird-airlines-sgb,Songbird Airlines
sonmez-airlines,Sonmez Airlines
sophia-airlines,Sophia Airlines
sounds-air-s8,Sounds Air
south-african-airways-sa,South African Airways
south-airlines-armenia-sth,South Airlines (Armenia)
south-nahanni-airways,South Nahanni Airways
south-west-air-swc,South West Air
south-east-european-airlines-ggg,South-East European Airlines
southern-air-charter-pl,Southern Air Charter
southern-air-inc-9s,Southern Air Inc.
southern-airlines,Southern Airlines
southern-airways-express-9x,Southern Airways Express
southern-sky-airlines,Southern Sky Airlines
southern-star-airlines,Southern Star Airlines
southwest-airlines-wn,Southwest Airlines
sovika-aviation-services,Sovika Aviation Services
sparkle-roll,Sparkle Roll
sparrow-aviation,Sparrow Aviation
speed-star-express,Speed Star Express
spicejet-sg,SpiceJet
spirit-air-inc,Spirit Air Inc
spirit-airlines-nk,Spirit Airlines
spring-airlines-9c,Spring Airlines
spring-airlines-japan-ij,Spring Airlines Japan
sprintair-sxp,SprintAir
srilankan-airlines-ul,SriLankan Airlines
srilankan-airtaxi,SriLankan AirTaxi
sriwijaya-air-sj,Sriwijaya Air
ssa,SSA
stabo-air-sbo,Stabo Air
star-air-s6,Star Air
star-air-aviation-6s,Star Air Aviation
star-air-cargo-brh,Star Air Cargo
star-aviation,Star Aviation
star-peru-2i,Star Peru
starbow-airlines-s9,Starbow Airlines
starflyer-7g,StarFlyer
starlight-airlines-qp,Starlight Airlines
starline-kz-lmz,Starline KZ
starlink-aviation-tlk,Starlink Aviation
stars-away-aviation-stx,Stars Away Aviation
state-air,State Air
sterna-linhas-aereas,Sterna Linhas Aéreas
stobart-air-re,Stobart Air
stp-airways-8f,STP Airways
suasa-airlines,Suasa Airlines
subic-international-air-charter,Subic International Air Charter
suburban-air-freight-sub,Suburban Air Freight
suckling-airways,Suckling Airways
sudamericana-de-aviacion,Sudamericana de Aviación
sudan-airways-sd,Sudan Airways
sudanese-states-aviation-snv,Sudanese States Aviation
suhura-airways,Suhura Airways
sukhoi-multipurpose-aircompany,Sukhoi Multipurpose Aircompany
summit-air-charters-hv2,Summit Air Charters
summit-aviation-pvt-ltd,Summit Aviation Pvt Ltd
sun-air-sudan-snr,Sun Air (Sudan)
sun-air-international,Sun Air International
sun-country-sy,Sun Country
sun-dor-international-airlines-2u,Sun d'Or International Airlines
sun-way-mgc,Sun Way
sun-air-of-scandinavia-ez,SUN-AIR of Scandinavia
sundair,Sundair
sundance-air-venezuela-suv,Sundance Air (Venezuela)
sunday-airlines,Sunday Airlines
sunexpress-xq,SunExpress
sunexpress-germany-xg,SunExpress Germany
sunrise-airways-s6,Sunrise Airways
sunsplash-aviation-llc-sh,Sunsplash Aviation LLC
sunsplash-aviation-llc-yh,Sunsplash Aviation LLC
sunstate-airlines-ssq,Sunstate Airlines
sunwing-airlines-wg,Sunwing Airlines
superior-airways-ltd,Superior Airways Ltd
surf-air-urf,Surf Air
surf-air-europe,Surf Air Europe
surinam-airways-py,Surinam Airways
susi-air-sqs,Susi Air
sustut-air-inc,Sustut Air Inc
sutong-airlines,Sutong Airlines
sverdlovsk-2nd-aviation-enterprise-uku,Sverdlovsk 2nd Aviation Enterprise
svg-air-svd,SVG Air
swala-aviation,Swala Aviation
swanberg-air,Swanberg Air
swazi-airways,Swazi Airways
swaziland-airlink-szl,Swaziland Airlink
swedewings,Swedewings
swift-air-q7,Swift Air
swiftair-swt,Swiftair
swiftair-hellas-mdf,Swiftair Hellas
swiss-lx,SWISS
swiss-global-air-lines-lz,Swiss Global Air Lines
sxm-airways,SXM Airways
sylt-air-7e,Sylt Air
syrian-airlines-rb,Syrian Airlines
syrian-pearl-airways,Syrian Pearl Airways
tway-air-tw,T'way Air
taag-dt,TAAG
taan,TAAN
taban-air-hh,Taban Air
tabarak-aviation,Tabarak Aviation
tac---transporte-aereo-de-colombia,TAC - Transporte Aereo De Colombia
tacv-vr,TACV
taf-linhas-aereas-r9,TAF Linhas Aereas
taftan-air-sbt,Taftan Air
tahmid-air-thm,Tahmid Air
tailwind-airlines-twi,Tailwind Airlines
tajik-air-7j,Tajik Air
take-air,Take Air
talofa-airways-limited,Talofa Airways Limited
tam-airlines-jj,TAM Airlines
tam-airlines-paraguay-pz,TAM Airlines (Paraguay)
tame-eq,TAME
tanana-air-service-4e,Tanana Air Service
tandem-aero-tq,Tandem Aero
tap-express,TAP Express
tap-portugal-tp,TAP Portugal
tapc-aviatrans-ctp,TAPC Aviatrans
tapsa---transportes-aereos-petroleros-tps,TAPSA - Transportes Aereos Petroleros
taquan-air-k3,Taquan Air
tar-aerolineas-lct,TAR Aerolineas
tar-heel-aviation-thc,Tar Heel Aviation
tara-air,Tara Air
tara-helicopter-company-irr,Tara Helicopter Company
tarco-air-3t,Tarco Air
tarom-ro,TAROM
taron-avia-h7,Taron Avia
tasman-cargo-airlines-hj,Tasman Cargo Airlines
tassili-airlines-sf,Tassili Airlines
tatra-jet-sro,Tatra Jet s.r.o.
tausani-airlines,Tausani Airlines
tavaj,TAVAJ
tawakal-airlines,Tawakal Airlines
taxi-aereo-geral,Taxi Aereo Geral
tbilaviamsheni-georgia-l6,Tbilaviamsheni Georgia
tbilisi-airlines,Tbilisi Airlines
tcs-expeditions,TCS Expeditions
tehran-airlines,Tehran Airlines
tenir-airlines-teb,Tenir Airlines
tepper-aviation-te7,Tepper Aviation
texas-air-shuttle,Texas Air Shuttle
texas-sky-airways,Texas Sky Airways
texel-air,Texel Air
tez-jet-airlines-tez,Tez Jet Airlines
thai-airasia-fd,Thai AirAsia
thai-airasia-x-xj,Thai AirAsia X
thai-airways-tg,Thai Airways
thai-aviation-services,Thai Aviation Services
thai-lion-air-sl,Thai Lion Air
thai-smile-we,Thai Smile
thai-vietjet-air-vz,Thai VietJet Air
the-cargo-airlines-tzs,The Cargo Airlines
thesa-airlines,Thesa Airlines
thomas-cook-airlines-mt,Thomas Cook Airlines
thomas-cook-airlines-belgium-hq,Thomas Cook Airlines Belgium
thomas-cook-airlines-scandinavia-dk,Thomas Cook Airlines Scandinavia
thomson-airways-by,Thomson Airways
thunder-airlines-thu,Thunder Airlines
thunderbird-airways,Thunderbird Airways
tianjin-airlines-gs,Tianjin Airlines
tianjin-cargo-airlines,Tianjin Cargo Airlines
tiara-air-aruba-3p,Tiara Air Aruba
tibet-airlines-tv,Tibet Airlines
ticos-air,Ticos Air
tigerair-tr,Tigerair
tigerair-australia-tt,Tigerair Australia
tigerair-taiwan-it,Tigerair Taiwan
tiko-air,Tiko Air
timor-air,Timor Air
titan-airways-zt,Titan Airways
tli-cho-air,Tli Cho Air
tma-cargo-tma,TMA Cargo
tmk-air-commuter-t9q,TMK Air Commuter
tofino-air,Tofino Air
toll-aviation-jcc,Toll Aviation
toll-priority,Toll Priority
tom,Tom
tonga-airways,Tonga Airways
top-air,Top Air
top-fly-tly,Top Fly
tortug-air,Tortug’ Air
total-linhas-aereas-ttl,Total Linhas Aereas
toumai-air-tchad-9d,Toumai Air Tchad
tracep-congo-aviation,Tracep Congo Aviation
trackmark,Trackmark
trade-air-c3,Trade Air
tradecraft-air-nigeria-tca,Tradecraft Air Nigeria
tradewind-aviation-tj,Tradewind Aviation
tranaca,Tranaca
trans-air-mui,Trans Air
trans-air-cargo-services,Trans Air Cargo Services
trans-air-congo-q8,Trans Air Congo
trans-arabian-air-transport-trt,Trans Arabian Air Transport
trans-attico-etc,Trans Attico
trans-bharat-aviation,Trans Bharat Aviation
trans-capital-air,Trans Capital Air
trans-guyana-airways-tgy,Trans Guyana Airways
trans-kasai-air,Trans Kasai Air
trans-maldivian-airways-m8,Trans Maldivian Airways
trans-nation-airways-tnw,Trans Nation Airways
trans-niugini-tours,Trans Niugini Tours
trans-north-aviation-tnt,Trans North Aviation
trans-north-helicopters,Trans North Helicopters
trans-states-airlines-ax,Trans States Airlines
transaer-rasa,Transaer RASA
transafrik-tfk,TransAfrik
transair-mui,Transair
transair-senegal-gts,Transair Senegal
transasia-airways-ge,TransAsia Airways
transaven-ven,Transaven
transavia-hv,Transavia
transavia-france-to,Transavia France
transavia-garantiya,Transavia-Garantiya
transaviabaltika-aviation-ktb,Transaviabaltika Aviation
transaviaexport-airlines-txc,TransAVIAexport Airlines
transaviaservice-fnv,Transaviaservice
transcarga-international-airways-t7,Transcarga International Airways
transglobal-airways-tcu,TransGlobal Airways
transliz-aviation,Transliz Aviation
transmandu---transportes-aereos-manduca,Transmandu - Transportes Aereos Manduca
transnorthern-tnv,TransNorthern
transnusa-air-services-tnu,TransNusa Air Services
transporte-aereo-militar,Transporte Aéreo Militar
transporte-air-checo,Transporte Air Checo
transportes-aereos-bolivianos-bol,Transportes Aéreos Bolivianos
transportes-aereos-cielos-andinos-ndn,Transportes Aereos Cielos Andinos
transportes-aereos-guatemaltecos-5u,Transportes Aereos Guatemaltecos
transportes-aereos-terrestres,Transportes Aereos Terrestres
transports-aeriens-intercaraibes,Transports Aeriens Intercaraibes
transwest-air-abs,Transwest Air
transwisata-air,Transwisata Air
transworld-air-freighters,Transworld Air Freighters
trast-aero-tsj,Trast Aero
travel-service-qs,Travel Service
travel-service-hungary-7o,Travel Service Hungary
travel-service-polska-3z,Travel Service Polska
travel-service-slovakia-6d,Travel Service Slovakia
travira-air-tr,Travira Air
tri-mg-intra-asia-airlines-tmg,Tri-MG Intra Asia Airlines
trigana-air-il,Trigana Air
tristar-air-tsy,Tristar Air
tropic-air-9n,Tropic Air
tropical-air,Tropical Air
tropical-air-gabon,Tropical Air Gabon
tropical-airlines,Tropical Airlines
tropical-airways-dhaiti-tbg,Tropical Airways D'Haiti
tropicana,Tropicana
trujet-2t,TruJet
trupi-air,Trupi Air
tsh-holdings-inc-group-fleet-orders,"TSH Holdings, Inc. (Group Fleet Orders)"
tt-airlines-tth,TT Airlines
tu-aerolinea,Tu Aerolínea
tui-airlines-belgium-tb,TUI Airlines Belgium
tui-airlines-netherlands-or,TUI Airlines Netherlands
tui-aviation-gmbh-group-fleet-orders,TUI Aviation GmbH (Group Fleet Orders)
tuifly-x3,TUIfly
tuifly-nordic-ab-6b,TUIfly Nordic AB
tunisair-tu,Tunisair
tunisair-express-ug,Tunisair Express
tunisavia-taj,Tunisavia
turan-air-3t,Turan Air
turbojet,Turbojet
turbot-air-cargo-tac,Turbot Air Cargo
turkietresor,Turkietresor
turkish-airlines-tk,Turkish Airlines
turkmenistan-airlines-t5,Turkmenistan Airlines
turkuaz-airlines-trk,Turkuaz Airlines
turuhan-airlines,Turuhan Airlines
tus-airways-u8,Tus Airways
tuva-avia-tiv,Tuva Avia
twin-jet-t7,Twin Jet
u-airlines,U Airlines
uganda-air-cargo-ucc,Uganda Air Cargo
uganda-airlines,Uganda Airlines
ukraine-air-alliance-ukl,Ukraine Air Alliance
ukraine-air-enterprise-ukn,Ukraine Air Enterprise
ukraine-international-airlines-ps,Ukraine International Airlines
ukraine-state-flight-academy-ufa,Ukraine State Flight Academy
ukrainian-helicopters,Ukrainian Helicopters
ukrainian-pilot-school-upl,Ukrainian Pilot School
ukrainian-wings,Ukrainian Wings
uktus-avia-company,Uktus Avia Company
ulendo-airlink-nys,Ulendo Airlink
uls-airlines-cargo-go,ULS Airlines Cargo
ultimate-air-shuttle-p12,Ultimate Air Shuttle
ultimate-jetcharters-ujc,Ultimate Jetcharters
um-air-uf,UM Air
uni-airways-b7,Uni Airways
uni-top-airlines-uw,Uni-Top Airlines
unimed-air,Unimed Air
union-express-charter-airline,Union Express Charter Airline
union-flights-unf,Union Flights
unique-air-6u,Unique Air
united-airlines-ua,United Airlines
united-airways-bangladesh-4h,United Airways Bangladesh
united-arabian-airlines-uab,United Arabian Airlines
united-star-express-airlines,United Star Express Airlines
uniworld-air-cargo-ucg,Uniworld Air Cargo
unsped-paket-servisi,Unsped Paket Servisi
up,UP
ups-5x,UPS
uraiavia,Uraiavia
ural-airlines-u6,Ural Airlines
urumqi-air-uq,Urumqi Air
us-bangla-airlines-bs,US-Bangla Airlines
usa-jet-airlines-uj,USA Jet Airlines
usky-air-uri,uSKY AIR
usta-avia,Usta Avia
utair-aviation-ut,UTair Aviation
utair-cargo-tum,UTAir Cargo
utair-europe,UTair Europe
utair-express-ur,UTair Express
utair-helicopter-services,UTair Helicopter Services
utair-india,UTair India
utair-south-africa-utr,UTair South Africa
utair-ukraine-qu,UTair Ukraine
uvt-aero,UVT-Aero
uzbekistan-airways-hy,Uzbekistan Airways
v-a-c,V A C
v-berd-avia-vbd,V-Berd Avia
vacation-express-public-charter-wg1,Vacation Express Public Charter
valan-international-cargo-charter-vln,Valan International Cargo Charter
valorfly,Valorfly
van-air-europe-v9,Van Air Europe
van-airlines,Van Airlines
vancouver-island-air,Vancouver Island Air
vanilla-air-jw,Vanilla Air
veca-airlines-vu,VECA Airlines
vee-neal-aviation,Vee Neal Aviation
vega-aviation-company,Vega Aviation Company
venexcargo,Venexcargo
venezolana-vne,Venezolana
vensecar-internacional-v4,Vensecar Internacional
ventura-airconnect,Ventura Airconnect
venture-air,Venture Air
vertical-t-air-transport-company,Vertical-T Air Transport Company
vertir-airlines-vrz,Vertir Airlines
veteran-airlines-vpb,Veteran Airlines
veteran-avia-rvt,Veteran Avia
vi-airlink-vil,VI Airlink
vichi-air-company-vih,Vichi Air Company
victoria-international-airways,Victoria International Airways
victory-aviation,Victory Aviation
vieques-air-link-v4,Vieques Air Link
vietjet-air-vj,VietJet Air
vietnam-air-services-vasco-0v,Vietnam Air Services (VASCO)
vietnam-airlines-vn,Vietnam Airlines
vietstar-airlines,Vietstar Airlines
vigo-jet-mjt,Vigo Jet
viking-international-airlines,Viking International Airlines
vim-airlines-nn,VIM Airlines
vinair-aeroservicos,Vinair Aeroservicos
vincent-aviation-ltd-nz3,Vincent Aviation Ltd.
vip-avia-vpv,VIP Avia
virgin-america-vx,Virgin America
virgin-atlantic-airways-vs,Virgin Atlantic Airways
virgin-atlantic-little-red,Virgin Atlantic Little Red
virgin-australia-va,Virgin Australia
virgin-australia-regional-airlines-xr,Virgin Australia Regional Airlines
virgin-samoa,Virgin Samoa
vision-air-international-pakistan-vis,Vision Air International (Pakistan)
vision-airlines-v2,Vision Airlines
vista-georgia,Vista Georgia
vistara-uk,Vistara
vityaz-aero,Vityaz Aero
viva-air-peru,Viva Air Perú
vivaaerobus-vb,VivaAerobus
vivaargentina,VivaArgentina
vivacolombia-fc,VivaColombia
vivalatinoamerica,VivaLatinoamérica
vizionair,VizionAir
vladikavkaz-air-enterprise,Vladikavkaz Air Enterprise
voi-air,Voi Air
volair,Volair
volaris-y4,Volaris
volaris-de-costa-rica,Volaris de Costa Rica
volga-dnepr-airlines-vi,Volga-Dnepr Airlines
voliamo,Voliamo
vologda-air-enterprise-vgv,Vologda Air Enterprise
volotea-v7,Volotea
vostok-airlines-vtk,Vostok Airlines
voyage-air,Voyage Air
voyageur-airways-vc,Voyageur Airways
vrl,VRL
vuelamex,Vuelamex
vueling-vy,Vueling
vulkan-air,Vulkan Air
vvb,VVB
vvb-aviation-malta-iv,VVB Aviation Malta
vzlet-vzl,Vzlet
vzylot,Vzylot
waasheshkun-airways,Waasheshkun Airways
wabakimi-air,Wabakimi Air
walsten-air-service-was,Walsten Air Service
waltzing-matilda-aviation,Waltzing Matilda Aviation
wamos-air-eb,Wamos Air
waqf-airlines,Waqf Airlines
warbelows-air-ventures-4w,Warbelow's Air Ventures
ward-air-inc,Ward Air Inc
wasaya-airways-wt,Wasaya Airways
wda---wimbi-dira-airways-wda,WDA - Wimbi Dira Airways
wdl-aviation-wdl,WDL Aviation
welcome-air-2w,Welcome Air
west-air-pn,West Air
west-air-luxembourg-wlx,West Air Luxembourg
west-air-inc-pcm,"West Air, Inc."
west-atlantic-npt,West Atlantic
west-caribbean-airways-wcw,West Caribbean Airways
west-coast-air-8o,West Coast Air
west-wing-aviation,West Wing Aviation
westair-aviation-waa,Westair Aviation
westair-benin-wh,Westair Benin
western-air-wst,Western Air
western-air-express-wae,Western Air Express
western-global-airlines,Western Global Airlines
westforce-aviation,Westforce Aviation
westjet-ws,WestJet
westjet-encore-wr,WestJet Encore
westlink-9l,Westlink
wheels-up,Wheels UP
whistler-air-services,Whistler Air Services
white-airways-wi,White Airways
white-river-air-services-wra,White River Air Services
wideroe-wf,Widerøe
wijet-wjt,Wijet
wiking-helicopter-service-gmbh-whs,WIKING Helicopter Service GmbH
wilderness-north-air,Wilderness North Air
winair-wm,Winair
windrose-airlines-7w,Windrose Airlines
wingaway-air,Wingaway Air
wingo,Wingo
wings-air-iw,Wings Air
wings-airways,Wings Airways
wings-of-lebanon-wlb,Wings of Lebanon
wings-over-africa,Wings Over Africa
wings-over-kississing,Wings Over Kississing
wirakris-udara,Wirakris Udara
wizz-air-w6,Wizz Air
world-atlantic-airlines-sfg,World Atlantic Airlines
wow-air-ww,WOW air
wright-air-service-8v,Wright Air Service
xiamen-airlines-mf,Xiamen Airlines
xl-airways-france-se,XL Airways France
xpress-air-xn,Xpress Air
xtra-airways-xp,Xtra Airways
xugana-air,Xugana Air
yak-service-aky,Yak Service
yakutia-airlines-r3,Yakutia Airlines
yamal-airlines-yc,Yamal Airlines
yamal-aviation-company,Yamal Aviation Company
yanair-ye,Yanair
yangon-airways-yh,Yangon Airways
yangtze-river-airlines-y8,Yangtze River Airlines
yapo-aerotaxi-ltda-26l,Yapo Aerotaxi Ltda
yas-air-mhd,Yas Air
yellow-wings-air-services-elw,Yellow Wings Air Services
yemenia-iy,Yemenia
yeti-airlines-yt,Yeti Airlines
you-wings,YOU Wings
yunnan-hongtu-airlines-a6,Yunnan Hongtu Airlines
yunnan-yingan-airlines-yi,Yunnan Ying'an Airlines
yuzhmashavia-2n,Yuzhmashavia
yuzhnaya-aircompany-ugn,Yuzhnaya Aircompany
zagros-airlines-izg,Zagros Airlines
zagrosjet-z4,Zagrosjet
zambia-airways-2014-limited,Zambia Airways 2014 Limited
zanair-b4,ZanAir
zantas-air-service-ltd,Zantas Air Service Ltd
zapolyarye-airline-pzy,Zapolyarye Airline
zarkani-aviation-services,Zarkani Aviation Services
zav-airways,Zav Airways
zb-air,ZB Air
zenith-aviation,Zenith Aviation
zetavia-zk,ZetAvia
zetta-jet,Zetta Jet
zexus-air,Zexus Air
zhetysu-aviakompania-jtu,Zhetysu Aviakompania
zhezair-kzh,Zhezair
zhongnan-airlines,Zhongnan Airlines
zimex-aviation-imx,Zimex Aviation
zing-airlines,Zing Airlines
zoom-air-india,Zoom Air (India)
zorex-air-transport-orz,Zorex Air Transport
